,date,time,team1Name,team1Score,team1Bps,team2Name,team2Score,team2Bps,venue,referee,totalScore,winner,hour,day,month,year,season,avgLast5Scores,avgLast5ScoresAgainst,avgLast5Bps,avgLast5BpsAgainst,team1Code,team2Code,monthCode,venueCode,dayCode,refereeCode,seasonCode,targetCode
126,2010-12-26,15:00,Saracens,13,0,Wasps,6,1,Wembley Stadium,Unknown,19,H,15,Sun,Dec,2010,2010-11,16.0,16.4,0.2,0.4,11,12,1,20,3,19,0,1
127,2010-12-26,15:00,Wasps,6,1,Saracens,13,0,Wembley Stadium,Unknown,19,H,15,Sun,Dec,2010,2010-11,19.0,17.6,0.0,0.4,12,11,1,20,3,19,0,1
131,2010-12-27,16:15,London Irish,18,0,Harlequins,28,0,Twickenham Stadium,Unknown,46,H,16,Mon,Dec,2010,2010-11,22.6,25.2,0.2,0.4,6,3,1,16,1,19,0,1
128,2010-12-27,15:00,Leicester,54,1,Sale,21,0,Welford Road,Unknown,75,H,15,Mon,Dec,2010,2010-11,23.6,16.0,0.4,0.4,5,10,1,19,1,19,0,1
130,2010-12-27,16:15,Harlequins,28,0,London Irish,18,0,Twickenham Stadium,Unknown,46,H,16,Mon,Dec,2010,2010-11,22.0,20.2,0.6,0.0,3,6,1,16,1,19,0,1
137,2011-01-01,15:00,Harlequins,16,0,Northampton,13,1,Franklin's Gardens,Unknown,29,A,15,Sat,Jan,2011,2010-11,22.4,17.2,0.4,0.0,3,9,3,3,2,19,0,0
134,2011-01-01,15:00,London Irish,24,1,Bath,25,0,Madejski Stadium,Unknown,49,A,15,Sat,Jan,2011,2010-11,23.8,29.0,0.2,0.2,6,0,3,8,2,19,0,0
141,2011-01-02,15:00,Saracens,22,1,Sale,28,0,Edgeley Park,Unknown,50,H,15,Sun,Jan,2011,2010-11,15.6,15.0,0.2,0.4,11,10,3,2,3,19,0,1
140,2011-01-02,15:00,Sale,28,0,Saracens,22,1,Edgeley Park,Unknown,50,H,15,Sun,Jan,2011,2010-11,16.4,27.8,0.2,0.6,10,11,3,2,3,19,0,1
138,2011-01-02,14:45,Wasps,33,0,Newcastle,16,0,Adams Park,Unknown,49,H,14,Sun,Jan,2011,2010-11,18.2,12.8,0.2,0.2,12,8,3,0,3,19,0,1
143,2011-01-02,16:15,Leicester,22,0,Exeter,15,1,Sandy Park,Unknown,37,A,16,Sun,Jan,2011,2010-11,30.2,17.2,0.6,0.2,5,1,3,12,3,19,0,0
142,2011-01-02,16:15,Exeter,15,1,Leicester,22,0,Sandy Park,Unknown,37,A,16,Sun,Jan,2011,2010-11,16.6,14.6,0.2,0.4,1,5,3,12,3,19,0,0
144,2011-01-07,19:45,Newcastle,19,0,Sale,19,0,Kingston Park,Unknown,38,D,19,Fri,Jan,2011,2010-11,14.6,26.4,0.2,0.6,8,10,3,7,0,19,0,0
145,2011-01-07,19:45,Sale,19,0,Newcastle,19,0,Kingston Park,Unknown,38,D,19,Fri,Jan,2011,2010-11,20.8,31.6,0.2,0.6,10,8,3,7,0,19,0,0
149,2011-01-08,15:00,Exeter,23,0,Gloucester,37,1,Kingsholm,Unknown,60,H,15,Sat,Jan,2011,2010-11,17.8,16.6,0.2,0.4,1,2,3,6,2,19,0,1
151,2011-01-08,15:00,Wasps,10,1,Harlequins,17,0,Twickenham Stoop,Unknown,27,H,15,Sat,Jan,2011,2010-11,21.4,14.4,0.2,0.2,12,3,3,17,2,19,0,1
153,2011-01-08,15:00,Northampton,16,0,Leicester,27,0,Welford Road,Unknown,43,H,15,Sat,Jan,2011,2010-11,27.6,14.4,0.8,0.0,9,5,3,19,2,19,0,1
148,2011-01-08,15:00,Gloucester,37,1,Exeter,23,0,Kingsholm,Unknown,60,H,15,Sat,Jan,2011,2010-11,18.0,15.6,0.4,0.6,2,1,3,6,2,19,0,1
146,2011-01-08,14:15,Bath,16,0,Leeds,13,1,Recreation Ground,Unknown,29,H,14,Sat,Jan,2011,2010-11,13.0,15.8,0.6,0.2,0,4,3,9,2,19,0,1
152,2011-01-08,15:00,Leicester,27,0,Northampton,16,0,Welford Road,Unknown,43,H,15,Sat,Jan,2011,2010-11,32.2,16.4,0.4,0.4,5,9,3,19,2,19,0,1
150,2011-01-08,15:00,Harlequins,17,0,Wasps,10,1,Twickenham Stoop,Unknown,27,H,15,Sat,Jan,2011,2010-11,24.4,18.6,0.4,0.2,3,12,3,17,2,19,0,1
147,2011-01-08,14:15,Leeds,13,1,Bath,16,0,Recreation Ground,Unknown,29,H,14,Sat,Jan,2011,2010-11,10.6,20.4,0.4,0.4,4,0,3,9,2,19,0,1
155,2011-01-09,15:00,London Irish,6,1,Saracens,12,0,Vicarage Road,Unknown,18,H,15,Sun,Jan,2011,2010-11,20.8,28.8,0.2,0.2,6,11,3,18,3,19,0,1
154,2011-01-09,15:00,Saracens,12,0,London Irish,6,1,Vicarage Road,Unknown,18,H,15,Sun,Jan,2011,2010-11,18.2,16.0,0.4,0.4,11,6,3,18,3,19,0,1
157,2011-02-11,19:45,Bath,19,0,Sale,7,0,Edgeley Park,Unknown,26,A,19,Fri,Feb,2011,2010-11,13.2,14.2,0.4,0.4,0,10,2,2,0,19,0,0
156,2011-02-11,19:45,Sale,7,0,Bath,19,0,Edgeley Park,Unknown,26,A,19,Fri,Feb,2011,2010-11,19.4,27.6,0.2,0.4,10,0,2,2,0,19,0,0
161,2011-02-12,15:00,Harlequins,6,0,Exeter,20,0,Sandy Park,Unknown,26,H,15,Sat,Feb,2011,2010-11,25.2,17.0,0.2,0.4,3,1,2,12,2,19,0,1
162,2011-02-12,15:00,Northampton,15,0,Saracens,29,0,Franklin's Gardens,Unknown,44,A,15,Sat,Feb,2011,2010-11,23.4,17.8,0.6,0.0,9,11,2,3,2,19,0,0
160,2011-02-12,15:00,Exeter,20,0,Harlequins,6,0,Sandy Park,Unknown,26,H,15,Sat,Feb,2011,2010-11,17.8,22.2,0.2,0.6,1,3,2,12,2,19,0,1
163,2011-02-12,15:00,Saracens,29,0,Northampton,15,0,Franklin's Gardens,Unknown,44,A,15,Sat,Feb,2011,2010-11,17.2,14.6,0.4,0.4,11,9,2,3,2,19,0,0
158,2011-02-12,12:30,London Irish,23,0,Newcastle,14,0,Madejski Stadium,Unknown,37,H,12,Sat,Feb,2011,2010-11,17.0,24.6,0.4,0.2,6,8,2,8,2,19,0,1
159,2011-02-12,12:30,Newcastle,14,0,London Irish,23,0,Madejski Stadium,Unknown,37,H,12,Sat,Feb,2011,2010-11,15.8,27.2,0.0,0.6,8,6,2,8,2,19,0,1
165,2011-02-13,15:00,Leicester,15,0,Leeds,9,1,Headingley,Unknown,24,A,15,Sun,Feb,2011,2010-11,34.0,17.0,0.4,0.2,5,4,2,4,3,19,0,0
164,2011-02-13,15:00,Leeds,9,1,Leicester,15,0,Headingley,Unknown,24,A,15,Sun,Feb,2011,2010-11,12.6,22.4,0.4,0.4,4,5,2,4,3,19,0,0
167,2011-02-13,17:00,Gloucester,10,0,Wasps,9,1,Adams Park,Unknown,19,A,17,Sun,Feb,2011,2010-11,18.8,15.0,0.6,0.4,2,12,2,0,3,19,0,0
166,2011-02-13,17:00,Wasps,9,1,Gloucester,10,0,Adams Park,Unknown,19,A,17,Sun,Feb,2011,2010-11,16.8,12.8,0.4,0.2,12,2,2,0,3,19,0,0
170,2011-02-18,20:00,Newcastle,13,0,Exeter,23,0,Kingston Park,Unknown,36,A,20,Fri,Feb,2011,2010-11,16.0,25.0,0.0,0.4,8,1,2,7,0,19,0,0
168,2011-02-18,19:45,Gloucester,23,0,London Irish,9,0,Kingsholm,Unknown,32,H,19,Fri,Feb,2011,2010-11,17.0,14.4,0.6,0.4,2,6,2,6,0,19,0,1
171,2011-02-18,20:00,Exeter,23,0,Newcastle,13,0,Kingston Park,Unknown,36,A,20,Fri,Feb,2011,2010-11,18.8,21.6,0.2,0.4,1,8,2,7,0,19,0,0
169,2011-02-18,19:45,London Irish,9,0,Gloucester,23,0,Kingsholm,Unknown,32,H,19,Fri,Feb,2011,2010-11,17.0,20.4,0.4,0.0,6,2,2,6,0,19,0,1
177,2011-02-19,17:30,Wasps,12,0,Leicester,21,0,Welford Road,Unknown,33,H,17,Sat,Feb,2011,2010-11,16.4,13.6,0.6,0.0,12,5,2,19,2,19,0,1
174,2011-02-19,15:00,Harlequins,21,0,Sale,9,0,Twickenham Stoop,Unknown,30,H,15,Sat,Feb,2011,2010-11,16.2,17.4,0.0,0.4,3,10,2,17,2,19,0,1
175,2011-02-19,15:00,Sale,9,0,Harlequins,21,0,Twickenham Stoop,Unknown,30,H,15,Sat,Feb,2011,2010-11,18.8,27.6,0.2,0.4,10,3,2,17,2,19,0,1
173,2011-02-19,15:00,Northampton,8,0,Bath,38,1,Recreation Ground,Unknown,46,H,15,Sat,Feb,2011,2010-11,19.6,21.0,0.4,0.0,9,0,2,9,2,19,0,1
172,2011-02-19,15:00,Bath,38,1,Northampton,8,0,Recreation Ground,Unknown,46,H,15,Sat,Feb,2011,2010-11,15.8,14.4,0.4,0.4,0,9,2,9,2,19,0,1
176,2011-02-19,17:30,Leicester,21,0,Wasps,12,0,Welford Road,Unknown,33,H,17,Sat,Feb,2011,2010-11,28.2,15.0,0.2,0.4,5,12,2,19,2,19,0,1
179,2011-02-20,15:00,Leeds,0,0,Saracens,39,1,Vicarage Road,Unknown,39,H,15,Sun,Feb,2011,2010-11,12.8,22.0,0.6,0.4,4,11,2,18,3,19,0,1
178,2011-02-20,15:00,Saracens,39,1,Leeds,0,0,Vicarage Road,Unknown,39,H,15,Sun,Feb,2011,2010-11,20.4,13.8,0.2,0.4,11,4,2,18,3,19,0,1
181,2011-02-25,19:45,Leicester,18,0,Sale,16,1,Edgeley Park,Unknown,34,A,19,Fri,Feb,2011,2010-11,27.8,14.6,0.2,0.4,5,10,2,2,0,19,0,0
180,2011-02-25,19:45,Sale,16,1,Leicester,18,0,Edgeley Park,Unknown,34,A,19,Fri,Feb,2011,2010-11,16.8,27.0,0.0,0.4,10,5,2,2,0,19,0,0
187,2011-02-26,15:00,Gloucester,18,0,Northampton,16,1,Franklin's Gardens,Unknown,34,A,15,Sat,Feb,2011,2010-11,20.4,13.8,0.4,0.4,2,9,2,3,2,19,0,0
185,2011-02-26,15:00,Harlequins,9,1,London Irish,15,0,Madejski Stadium,Unknown,24,H,15,Sat,Feb,2011,2010-11,17.6,14.0,0.0,0.4,3,6,2,8,2,19,0,1
184,2011-02-26,15:00,London Irish,15,0,Harlequins,9,1,Madejski Stadium,Unknown,24,H,15,Sat,Feb,2011,2010-11,16.0,20.4,0.4,0.0,6,3,2,8,2,19,0,1
183,2011-02-26,15:00,Bath,12,0,Exeter,9,1,Sandy Park,Unknown,21,A,15,Sat,Feb,2011,2010-11,20.8,12.6,0.4,0.4,0,1,2,12,2,19,0,0
186,2011-02-26,15:00,Northampton,16,1,Gloucester,18,0,Franklin's Gardens,Unknown,34,A,15,Sat,Feb,2011,2010-11,17.4,26.6,0.4,0.2,9,2,2,3,2,19,0,0
182,2011-02-26,15:00,Exeter,9,1,Bath,12,0,Sandy Park,Unknown,21,A,15,Sat,Feb,2011,2010-11,18.6,20.4,0.2,0.2,1,0,2,12,2,19,0,0
188,2011-02-27,13:00,Wasps,15,0,Saracens,26,0,Adams Park,Unknown,41,A,13,Sun,Feb,2011,2010-11,14.0,15.4,0.6,0.0,12,11,2,0,3,19,0,0
191,2011-02-27,17:30,Newcastle,22,0,Leeds,5,0,Headingley,Unknown,27,A,17,Sun,Feb,2011,2010-11,16.2,28.4,0.0,0.2,8,4,2,4,3,19,0,0
190,2011-02-27,17:30,Leeds,5,0,Newcastle,22,0,Headingley,Unknown,27,A,17,Sun,Feb,2011,2010-11,11.0,26.8,0.4,0.6,4,8,2,4,3,19,0,0
189,2011-02-27,13:00,Saracens,26,0,Wasps,15,0,Adams Park,Unknown,41,A,13,Sun,Feb,2011,2010-11,23.0,11.0,0.4,0.4,11,12,2,0,3,19,0,0
192,2011-03-04,20:00,Newcastle,33,0,Harlequins,18,0,Kingston Park,Unknown,51,H,20,Fri,Mar,2011,2010-11,16.8,20.6,0.0,0.0,8,3,4,7,0,19,0,1
193,2011-03-04,20:00,Harlequins,18,0,Newcastle,33,0,Kingston Park,Unknown,51,H,20,Fri,Mar,2011,2010-11,13.8,13.4,0.2,0.4,3,8,4,7,0,19,0,1
195,2011-03-05,15:00,Bath,22,0,Gloucester,34,1,Kingsholm,Unknown,56,H,15,Sat,Mar,2011,2010-11,22.0,12.2,0.2,0.6,0,2,4,6,2,19,0,1
196,2011-03-05,15:15,Leicester,14,1,Saracens,15,0,Welford Road,Unknown,29,A,15,Sat,Mar,2011,2010-11,20.6,13.6,0.0,0.6,5,11,4,19,2,19,0,0
197,2011-03-05,15:15,Saracens,15,0,Leicester,14,1,Welford Road,Unknown,29,A,15,Sat,Mar,2011,2010-11,25.6,12.8,0.4,0.2,11,5,4,19,2,19,0,0
194,2011-03-05,15:00,Gloucester,34,1,Bath,22,0,Kingsholm,Unknown,56,H,15,Sat,Mar,2011,2010-11,20.2,14.4,0.4,0.4,2,0,4,6,2,19,0,1
203,2011-03-06,15:00,London Irish,19,0,Leeds,27,0,Headingley,Unknown,46,H,15,Sun,Mar,2011,2010-11,15.4,16.6,0.4,0.2,6,4,4,4,3,19,0,1
200,2011-03-06,15:00,Wasps,33,0,Sale,26,1,Adams Park,Unknown,59,H,15,Sun,Mar,2011,2010-11,15.8,18.0,0.4,0.0,12,10,4,0,3,19,0,1
202,2011-03-06,15:00,Leeds,27,0,London Irish,19,0,Headingley,Unknown,46,H,15,Sun,Mar,2011,2010-11,8.4,21.0,0.4,0.4,4,6,4,4,3,19,0,1
199,2011-03-06,15:00,Northampton,9,0,Exeter,30,0,Sandy Park,Unknown,39,H,15,Sun,Mar,2011,2010-11,13.6,25.6,0.4,0.2,9,1,4,12,3,19,0,1
198,2011-03-06,15:00,Exeter,30,0,Northampton,9,0,Sandy Park,Unknown,39,H,15,Sun,Mar,2011,2010-11,18.0,18.0,0.4,0.2,1,9,4,12,3,19,0,1
201,2011-03-06,15:00,Sale,26,1,Wasps,33,0,Adams Park,Unknown,59,H,15,Sun,Mar,2011,2010-11,15.8,19.8,0.2,0.2,10,12,4,0,3,19,0,1
204,2011-03-12,15:00,Leeds,13,0,Northampton,23,0,Headingley,Unknown,36,A,15,Sat,Mar,2011,2010-11,10.8,22.2,0.4,0.2,4,9,4,4,2,19,0,0
205,2011-03-12,15:00,Northampton,23,0,Leeds,13,0,Headingley,Unknown,36,A,15,Sat,Mar,2011,2010-11,12.8,28.4,0.2,0.2,9,4,4,4,2,19,0,0
206,2011-03-25,19:45,Sale,15,0,Leeds,12,1,Edgeley Park,Unknown,27,H,19,Fri,Mar,2011,2010-11,15.4,22.0,0.4,0.0,10,4,4,2,0,19,0,1
207,2011-03-25,19:45,Leeds,12,1,Sale,15,0,Edgeley Park,Unknown,27,H,19,Fri,Mar,2011,2010-11,10.8,23.6,0.2,0.2,4,10,4,2,0,19,0,1
213,2011-03-26,16:30,Leicester,37,1,Bath,6,0,Recreation Ground,Unknown,43,A,16,Sat,Mar,2011,2010-11,19.0,13.6,0.2,0.4,5,0,4,9,2,19,0,0
209,2011-03-26,15:00,Gloucester,15,0,Harlequins,53,1,Twickenham Stoop,Unknown,68,H,15,Sat,Mar,2011,2010-11,24.4,15.8,0.4,0.4,2,3,4,17,2,19,0,1
208,2011-03-26,15:00,Harlequins,53,1,Gloucester,15,0,Twickenham Stoop,Unknown,68,H,15,Sat,Mar,2011,2010-11,14.2,17.4,0.2,0.2,3,2,4,17,2,19,0,1
210,2011-03-26,15:00,London Irish,39,1,Exeter,17,0,Madejski Stadium,Unknown,56,H,15,Sat,Mar,2011,2010-11,14.4,17.0,0.2,0.2,6,1,4,8,2,19,0,1
211,2011-03-26,15:00,Exeter,17,0,London Irish,39,1,Madejski Stadium,Unknown,56,H,15,Sat,Mar,2011,2010-11,21.0,15.4,0.2,0.2,1,6,4,8,2,19,0,1
212,2011-03-26,16:30,Bath,6,0,Leicester,37,1,Recreation Ground,Unknown,43,A,16,Sat,Mar,2011,2010-11,21.4,14.2,0.2,0.6,0,5,4,9,2,19,0,0
215,2011-03-27,13:45,Wasps,3,0,Northampton,39,1,Franklin's Gardens,Unknown,42,H,13,Sun,Mar,2011,2010-11,15.8,20.0,0.4,0.2,12,9,4,3,3,19,0,1
216,2011-03-27,15:00,Saracens,24,0,Newcastle,9,0,Vicarage Road,Unknown,33,H,15,Sun,Mar,2011,2010-11,24.2,10.0,0.2,0.4,11,8,4,18,3,19,0,1
217,2011-03-27,15:00,Newcastle,9,0,Saracens,24,0,Vicarage Road,Unknown,33,H,15,Sun,Mar,2011,2010-11,20.2,17.6,0.0,0.0,8,11,4,18,3,19,0,1
214,2011-03-27,13:45,Northampton,39,1,Wasps,3,0,Franklin's Gardens,Unknown,42,H,13,Sun,Mar,2011,2010-11,14.2,25.6,0.2,0.2,9,12,4,3,3,19,0,1
219,2011-04-02,14:30,Sale,24,0,Northampton,53,1,Franklin's Gardens,Unknown,77,H,14,Sat,Apr,2011,2010-11,14.6,20.6,0.4,0.2,10,9,0,3,2,19,0,1
222,2011-04-02,17:30,Harlequins,13,1,Leicester,17,0,Twickenham Stoop,Wayne Barnes,30,A,17,Sat,Apr,2011,2010-11,21.4,18.4,0.4,0.0,3,5,0,17,2,20,0,0
223,2011-04-02,17:30,Leicester,17,0,Harlequins,13,1,Twickenham Stoop,Wayne Barnes,30,A,17,Sat,Apr,2011,2010-11,21.0,11.6,0.4,0.4,5,3,0,17,2,20,0,0
218,2011-04-02,14:30,Northampton,53,1,Sale,24,0,Franklin's Gardens,Unknown,77,H,14,Sat,Apr,2011,2010-11,19.0,20.4,0.4,0.2,9,10,0,3,2,19,0,1
220,2011-04-02,15:00,Gloucester,34,1,Newcastle,9,0,Kingsholm,Dean Richards,43,H,15,Sat,Apr,2011,2010-11,20.0,21.8,0.2,0.6,2,8,0,6,2,6,0,1
221,2011-04-02,15:00,Newcastle,9,0,Gloucester,34,1,Kingsholm,Dean Richards,43,H,15,Sat,Apr,2011,2010-11,18.2,18.6,0.0,0.0,8,2,0,6,2,6,0,1
229,2011-04-03,15:00,Bath,9,0,Saracens,20,0,Vicarage Road,Nigel Owens,29,H,15,Sun,Apr,2011,2010-11,19.4,19.0,0.2,0.6,0,11,0,18,3,15,0,1
228,2011-04-03,15:00,Saracens,20,0,Bath,9,0,Vicarage Road,Nigel Owens,29,H,15,Sun,Apr,2011,2010-11,26.6,10.6,0.2,0.2,11,0,0,18,3,15,0,1
224,2011-04-03,15:00,Leeds,27,0,Exeter,22,1,Headingley,Tim Wigglesworth,49,H,15,Sun,Apr,2011,2010-11,11.4,23.6,0.2,0.2,4,1,0,4,3,18,0,1
227,2011-04-03,15:00,Wasps,12,0,London Irish,25,0,Madejski Stadium,Chris White,37,H,15,Sun,Apr,2011,2010-11,14.4,24.4,0.2,0.4,12,6,0,8,3,2,0,1
226,2011-04-03,15:00,London Irish,25,0,Wasps,12,0,Madejski Stadium,Chris White,37,H,15,Sun,Apr,2011,2010-11,21.0,18.0,0.2,0.2,6,12,0,8,3,2,0,1
225,2011-04-03,15:00,Exeter,22,1,Leeds,27,0,Headingley,Tim Wigglesworth,49,H,15,Sun,Apr,2011,2010-11,19.8,15.8,0.2,0.2,1,4,0,4,3,18,0,1
230,2011-04-08,19:45,Sale,36,1,Gloucester,31,1,Edgeley Park,Unknown,67,H,19,Fri,Apr,2011,2010-11,18.0,27.4,0.4,0.4,10,2,0,2,0,19,0,1
231,2011-04-08,19:45,Gloucester,31,1,Sale,36,1,Edgeley Park,Unknown,67,H,19,Fri,Apr,2011,2010-11,24.8,21.8,0.4,0.4,2,10,0,2,0,19,0,1
233,2011-04-09,14:30,Exeter,18,0,Bath,26,0,Recreation Ground,Unknown,44,H,14,Sat,Apr,2011,2010-11,20.2,20.0,0.4,0.2,1,0,0,9,2,19,0,1
232,2011-04-09,14:30,Bath,26,0,Exeter,18,0,Recreation Ground,Unknown,44,H,14,Sat,Apr,2011,2010-11,17.4,21.6,0.2,0.6,0,1,0,9,2,19,0,1
235,2011-04-09,15:00,Leeds,30,0,Newcastle,29,1,Kingston Park,Unknown,59,A,15,Sat,Apr,2011,2010-11,16.8,20.2,0.2,0.2,4,8,0,7,2,19,0,0
234,2011-04-09,15:00,Newcastle,29,1,Leeds,30,0,Kingston Park,Unknown,59,A,15,Sat,Apr,2011,2010-11,17.2,20.8,0.0,0.2,8,4,0,7,2,19,0,0
236,2011-04-15,19:45,Newcastle,15,1,Northampton,22,0,Kingston Park,Greg Garner,37,A,19,Fri,Apr,2011,2010-11,20.4,22.2,0.2,0.2,8,9,0,7,0,8,0,0
237,2011-04-15,19:45,Northampton,22,0,Newcastle,15,1,Kingston Park,Greg Garner,37,A,19,Fri,Apr,2011,2010-11,28.0,17.6,0.6,0.0,9,8,0,7,0,8,0,0
240,2011-04-16,15:00,Exeter,12,0,Saracens,33,0,Sandy Park,Dean Richards,45,A,15,Sat,Apr,2011,2010-11,19.2,22.6,0.4,0.2,1,11,0,12,2,6,0,0
244,2011-04-16,17:30,Sale,20,0,London Irish,34,1,Reebok Stadium,Unknown,54,A,17,Sat,Apr,2011,2010-11,23.4,29.4,0.6,0.6,10,6,0,10,2,19,0,0
245,2011-04-16,17:30,London Irish,34,1,Sale,20,0,Reebok Stadium,Unknown,54,A,17,Sat,Apr,2011,2010-11,21.4,17.6,0.2,0.2,6,10,0,10,2,19,0,0
241,2011-04-16,15:00,Saracens,33,0,Exeter,12,0,Sandy Park,Dean Richards,45,A,15,Sat,Apr,2011,2010-11,24.8,9.4,0.2,0.2,11,1,0,12,2,6,0,0
243,2011-04-16,15:00,Gloucester,41,1,Leicester,41,1,Welford Road,George Clancy,82,D,15,Sat,Apr,2011,2010-11,26.4,27.2,0.6,0.6,2,5,0,19,2,7,0,0
239,2011-04-16,14:15,Harlequins,15,1,Bath,19,0,Recreation Ground,Dave Pearson,34,H,14,Sat,Apr,2011,2010-11,22.8,17.8,0.6,0.0,3,0,0,9,2,3,0,1
242,2011-04-16,15:00,Leicester,41,1,Gloucester,41,1,Welford Road,George Clancy,82,D,15,Sat,Apr,2011,2010-11,21.4,12.4,0.4,0.4,5,2,0,19,2,7,0,0
238,2011-04-16,14:15,Bath,19,0,Harlequins,15,1,Recreation Ground,Dave Pearson,34,H,14,Sat,Apr,2011,2010-11,15.0,23.6,0.0,0.6,0,3,0,9,2,3,0,1
247,2011-04-17,15:00,Leeds,18,0,Wasps,51,1,Adams Park,Unknown,69,H,15,Sun,Apr,2011,2010-11,21.8,21.6,0.2,0.4,4,12,0,0,3,19,0,1
246,2011-04-17,15:00,Wasps,51,1,Leeds,18,0,Adams Park,Unknown,69,H,15,Sun,Apr,2011,2010-11,15.0,27.4,0.0,0.4,12,4,0,0,3,19,0,1
249,2011-04-19,19:45,Northampton,15,0,Gloucester,27,0,Kingsholm,Unknown,42,H,19,Tue,Apr,2011,2010-11,29.2,17.0,0.4,0.2,9,2,0,6,4,19,0,1
248,2011-04-19,19:45,Gloucester,27,0,Northampton,15,0,Kingsholm,Unknown,42,H,19,Tue,Apr,2011,2010-11,31.0,32.2,0.8,0.6,2,9,0,6,4,19,0,1
252,2011-04-22,18:00,Newcastle,13,0,Leicester,24,0,Kingston Park,Tim Wigglesworth,37,A,18,Fri,Apr,2011,2010-11,19.0,25.6,0.4,0.2,8,5,0,7,0,18,0,0
250,2011-04-22,15:00,Sale,24,1,Exeter,30,0,Edgeley Park,Peter Fitzgibbon,54,A,15,Fri,Apr,2011,2010-11,24.2,32.6,0.4,0.8,10,1,0,2,0,16,0,0
251,2011-04-22,15:00,Exeter,30,0,Sale,24,1,Edgeley Park,Peter Fitzgibbon,54,A,15,Fri,Apr,2011,2010-11,19.8,26.8,0.2,0.2,1,10,0,2,0,16,0,0
253,2011-04-22,18:00,Leicester,24,0,Newcastle,13,0,Kingston Park,Tim Wigglesworth,37,A,18,Fri,Apr,2011,2010-11,25.4,18.2,0.6,0.6,5,8,0,7,0,18,0,0
254,2011-04-23,15:00,London Irish,20,1,Northampton,26,0,Madejski Stadium,Unknown,46,A,15,Sat,Apr,2011,2010-11,26.4,17.0,0.4,0.2,6,9,0,8,2,19,0,0
257,2011-04-23,17:30,Bath,43,1,Wasps,10,0,Twickenham Stadium,Wayne Barnes,53,A,17,Sat,Apr,2011,2010-11,16.4,24.8,0.0,0.6,0,12,0,16,2,20,0,0
255,2011-04-23,15:00,Northampton,26,0,London Irish,20,1,Madejski Stadium,Unknown,46,A,15,Sat,Apr,2011,2010-11,30.4,16.4,0.4,0.2,9,6,0,8,2,19,0,0
256,2011-04-23,17:30,Wasps,10,0,Bath,43,1,Twickenham Stadium,Wayne Barnes,53,A,17,Sat,Apr,2011,2010-11,22.8,26.8,0.2,0.4,12,0,0,16,2,20,0,0
258,2011-04-24,13:30,Saracens,35,1,Gloucester,12,0,Vicarage Road,Dave Pearson,47,H,13,Sun,Apr,2011,2010-11,23.6,11.8,0.0,0.2,11,2,0,18,3,3,0,1
259,2011-04-24,13:30,Gloucester,12,0,Saracens,35,1,Vicarage Road,Dave Pearson,47,H,13,Sun,Apr,2011,2010-11,29.6,30.8,0.6,0.6,2,11,0,18,3,3,0,1
261,2011-04-24,15:00,Harlequins,38,1,Leeds,3,0,Headingley,Martin Fox,41,A,15,Sun,Apr,2011,2010-11,21.6,19.8,0.8,0.0,3,4,0,4,3,13,0,0
260,2011-04-24,15:00,Leeds,3,0,Harlequins,38,1,Headingley,Martin Fox,41,A,15,Sun,Apr,2011,2010-11,20.0,28.0,0.2,0.6,4,3,0,4,3,13,0,0
263,2011-04-30,16:00,Bath,14,0,Newcastle,11,1,Kingston Park,Unknown,25,A,16,Sat,Apr,2011,2010-11,20.6,20.0,0.2,0.4,0,8,0,7,2,19,0,0
262,2011-04-30,16:00,Newcastle,11,1,Bath,14,0,Kingston Park,Unknown,25,A,16,Sat,Apr,2011,2010-11,15.0,26.8,0.4,0.2,8,0,0,7,2,19,0,0
271,2011-05-07,15:00,Saracens,16,0,Harlequins,13,0,Twickenham Stoop,Tim Wigglesworth,29,A,15,Sat,May,2011,2010-11,25.4,11.2,0.2,0.2,11,3,5,17,2,18,0,0
269,2011-05-07,15:00,Sale,17,0,Gloucester,68,0,Kingsholm,Unknown,85,H,15,Sat,May,2011,2010-11,23.8,32.0,0.4,0.8,10,2,5,6,2,19,0,1
272,2011-05-07,15:00,Leicester,32,0,London Irish,23,0,Welford Road,Greg Garner,55,H,15,Sat,May,2011,2010-11,26.6,17.6,0.6,0.4,5,6,5,19,2,8,0,1
275,2011-05-07,15:00,Leeds,24,0,Northampton,31,0,Franklin's Gardens,Andrew Small,55,H,15,Sat,May,2011,2010-11,18.0,31.0,0.2,0.8,4,9,5,3,2,0,0,1
266,2011-05-07,15:00,Exeter,21,0,Wasps,8,0,Sandy Park,Llyr Apgeraint-Roberts,29,H,15,Sat,May,2011,2010-11,19.8,29.8,0.2,0.4,1,12,5,12,2,11,0,1
274,2011-05-07,15:00,Northampton,31,0,Leeds,24,0,Franklin's Gardens,Andrew Small,55,H,15,Sat,May,2011,2010-11,31.0,17.8,0.4,0.4,9,4,5,3,2,0,0,1
265,2011-05-07,15:00,Newcastle,12,0,Bath,42,0,Recreation Ground,Wayne Barnes,54,H,15,Sat,May,2011,2010-11,15.4,24.8,0.6,0.2,8,0,5,9,2,20,0,1
264,2011-05-07,15:00,Bath,42,0,Newcastle,12,0,Recreation Ground,Wayne Barnes,54,H,15,Sat,May,2011,2010-11,22.2,14.8,0.2,0.4,0,8,5,9,2,20,0,1
270,2011-05-07,15:00,Harlequins,13,0,Saracens,16,0,Twickenham Stoop,Tim Wigglesworth,29,A,15,Sat,May,2011,2010-11,27.4,17.4,0.8,0.0,3,11,5,17,2,18,0,0
268,2011-05-07,15:00,Gloucester,68,0,Sale,17,0,Kingsholm,Unknown,85,H,15,Sat,May,2011,2010-11,29.0,27.2,0.6,0.6,2,10,5,6,2,19,0,1
267,2011-05-07,15:00,Wasps,8,0,Exeter,21,0,Sandy Park,Llyr Apgeraint-Roberts,29,H,15,Sat,May,2011,2010-11,21.8,30.2,0.2,0.6,12,1,5,12,2,11,0,1
273,2011-05-07,15:00,London Irish,23,0,Leicester,32,0,Welford Road,Greg Garner,55,H,15,Sat,May,2011,2010-11,27.4,20.4,0.6,0.0,6,5,5,19,2,8,0,1
277,2011-05-14,15:15,Northampton,3,0,Leicester,11,0,Welford Road,Wayne Barnes,14,H,15,Sat,May,2011,2010-11,29.4,22.0,0.2,0.4,9,5,5,19,2,20,0,1
276,2011-05-14,15:15,Leicester,11,0,Northampton,3,0,Welford Road,Wayne Barnes,14,H,15,Sat,May,2011,2010-11,30.2,19.2,0.4,0.4,5,9,5,19,2,20,0,1
278,2011-05-15,14:30,Saracens,12,0,Gloucester,10,0,Vicarage Road,Andrew Small,22,H,14,Sun,May,2011,2010-11,25.6,11.0,0.2,0.0,11,2,5,18,3,0,0,1
279,2011-05-15,14:30,Gloucester,10,0,Saracens,12,0,Vicarage Road,Andrew Small,22,H,14,Sun,May,2011,2010-11,35.8,28.8,0.4,0.6,2,11,5,18,3,0,0,1
280,2011-05-28,15:00,Leicester,18,0,Saracens,22,0,Twickenham Stadium,Wayne Barnes,40,A,15,Sat,May,2011,2010-11,25.0,18.6,0.2,0.4,5,11,5,16,2,20,0,0
281,2011-05-28,15:00,Saracens,22,0,Leicester,18,0,Twickenham Stadium,Wayne Barnes,40,A,15,Sat,May,2011,2010-11,23.2,11.2,0.2,0.0,11,5,5,16,2,20,0,0
283,2011-09-03,14:00,Harlequins,29,0,London Irish,24,0,Twickenham Stadium,Greg Garner,53,A,14,Sat,Sep,2011,2011-12,26.4,14.0,0.8,0.0,3,6,8,16,2,8,1,0
282,2011-09-03,14:00,London Irish,24,0,Harlequins,29,0,Twickenham Stadium,Greg Garner,53,A,14,Sat,Sep,2011,2011-12,28.2,21.4,0.6,0.0,6,3,8,16,2,8,1,0
289,2011-09-03,16:30,Wasps,20,0,Saracens,15,0,Twickenham Stadium,Unknown,35,A,16,Sat,Sep,2011,2011-12,16.8,29.2,0.2,0.4,12,11,8,16,2,19,1,0
291,2011-09-03,18:30,Bath,22,0,Newcastle,9,0,Kingston Park,Martin Fox,31,A,18,Sat,Sep,2011,2011-12,28.8,13.2,0.2,0.4,0,8,8,7,2,13,1,0
285,2011-09-03,15:00,Exeter,30,0,Leicester,28,0,Welford Road,Tim Wigglesworth,58,A,15,Sat,Sep,2011,2011-12,20.6,23.6,0.2,0.2,1,5,8,19,2,18,1,0
290,2011-09-03,18:30,Newcastle,9,0,Bath,22,0,Kingston Park,Martin Fox,31,A,18,Sat,Sep,2011,2011-12,16.0,26.4,0.6,0.0,8,0,8,7,2,13,1,0
284,2011-09-03,15:00,Leicester,28,0,Exeter,30,0,Welford Road,Tim Wigglesworth,58,A,15,Sat,Sep,2011,2011-12,25.2,20.4,0.2,0.2,5,1,8,19,2,18,1,0
287,2011-09-03,15:00,Sale,12,0,Worcester,17,0,Sixways,Unknown,29,H,15,Sat,Sep,2011,2011-12,24.2,43.2,0.4,0.6,10,13,8,13,2,19,1,1
288,2011-09-03,16:30,Saracens,15,0,Wasps,20,0,Twickenham Stadium,Unknown,35,A,16,Sat,Sep,2011,2011-12,23.6,13.0,0.2,0.0,11,12,8,16,2,19,1,0
292,2011-09-04,15:30,Northampton,26,0,Gloucester,24,0,Franklin's Gardens,Andrew Small,50,H,15,Sun,Sep,2011,2011-12,19.4,19.4,0.0,0.4,9,2,8,3,3,0,1,1
293,2011-09-04,15:30,Gloucester,24,0,Northampton,26,0,Franklin's Gardens,Andrew Small,50,H,15,Sun,Sep,2011,2011-12,31.6,24.0,0.2,0.4,2,9,8,3,3,0,1,1
297,2011-09-09,19:45,London Irish,29,0,Sale,30,0,Edgeley Park,Sean Davey,59,H,19,Fri,Sep,2011,2011-12,25.2,23.8,0.4,0.0,6,10,8,2,0,17,1,1
296,2011-09-09,19:45,Sale,30,0,London Irish,29,0,Edgeley Park,Sean Davey,59,H,19,Fri,Sep,2011,2011-12,21.8,36.0,0.4,0.4,10,6,8,2,0,17,1,1
295,2011-09-09,19:45,Northampton,13,0,Harlequins,26,0,Twickenham Stoop,Greg Garner,39,H,19,Fri,Sep,2011,2011-12,20.2,21.2,0.0,0.2,9,3,8,17,0,8,1,1
294,2011-09-09,19:45,Harlequins,26,0,Northampton,13,0,Twickenham Stoop,Greg Garner,39,H,19,Fri,Sep,2011,2011-12,21.6,15.8,0.6,0.0,3,9,8,17,0,8,1,1
299,2011-09-10,15:00,Newcastle,15,0,Exeter,32,0,Sandy Park,Chris White,47,H,15,Sat,Sep,2011,2011-12,12.0,24.8,0.4,0.0,8,1,8,12,2,2,1,1
302,2011-09-10,15:15,Bath,26,0,Saracens,28,0,Recreation Ground,Greg Garner,54,A,15,Sat,Sep,2011,2011-12,28.0,11.4,0.2,0.4,0,11,8,9,2,8,1,0
300,2011-09-10,15:00,Gloucester,29,0,Worcester,8,0,Kingsholm,Unknown,37,H,15,Sat,Sep,2011,2011-12,28.2,21.0,0.0,0.2,2,13,8,6,2,19,1,1
298,2011-09-10,15:00,Exeter,32,0,Newcastle,15,0,Sandy Park,Chris White,47,H,15,Sat,Sep,2011,2011-12,22.2,23.8,0.0,0.2,1,8,8,12,2,2,1,1
303,2011-09-10,15:15,Saracens,28,0,Bath,26,0,Recreation Ground,Greg Garner,54,A,15,Sat,Sep,2011,2011-12,20.0,14.6,0.2,0.0,11,0,8,9,2,8,1,0
304,2011-09-11,14:15,Wasps,35,0,Leicester,29,0,Adams Park,Andrew Small,64,H,14,Sun,Sep,2011,2011-12,20.2,24.4,0.2,0.2,12,5,8,0,3,0,1,1
305,2011-09-11,14:15,Leicester,29,0,Wasps,35,0,Adams Park,Andrew Small,64,H,14,Sun,Sep,2011,2011-12,22.6,18.2,0.0,0.0,5,12,8,0,3,0,1,1
310,2011-09-17,15:00,Northampton,13,0,London Irish,14,0,Franklin's Gardens,Martin Fox,27,A,15,Sat,Sep,2011,2011-12,19.8,21.0,0.0,0.2,9,6,8,3,2,13,1,0
311,2011-09-17,15:00,London Irish,14,0,Northampton,13,0,Franklin's Gardens,Martin Fox,27,A,15,Sat,Sep,2011,2011-12,26.0,27.4,0.4,0.0,6,9,8,3,2,13,1,0
306,2011-09-17,15:00,Harlequins,42,0,Gloucester,6,0,Twickenham Stoop,Tim Wigglesworth,48,H,15,Sat,Sep,2011,2011-12,24.2,15.0,0.4,0.0,3,2,8,17,2,18,1,1
313,2011-09-17,15:05,Leicester,27,0,Newcastle,26,0,Kingston Park,Unknown,53,A,15,Sat,Sep,2011,2011-12,23.6,22.6,0.0,0.0,5,8,8,7,2,19,1,0
309,2011-09-17,15:00,Sale,29,0,Wasps,18,0,Adams Park,Greg Garner,47,A,15,Sat,Sep,2011,2011-12,20.6,35.6,0.2,0.2,10,12,8,0,2,8,1,0
312,2011-09-17,15:05,Newcastle,26,0,Leicester,27,0,Kingston Park,Unknown,53,A,15,Sat,Sep,2011,2011-12,12.0,26.8,0.2,0.0,8,5,8,7,2,19,1,0
308,2011-09-17,15:00,Wasps,18,0,Sale,29,0,Adams Park,Greg Garner,47,A,15,Sat,Sep,2011,2011-12,24.8,25.2,0.2,0.2,12,10,8,0,2,8,1,0
307,2011-09-17,15:00,Gloucester,6,0,Harlequins,42,0,Twickenham Stoop,Tim Wigglesworth,48,H,15,Sat,Sep,2011,2011-12,28.6,19.6,0.0,0.2,2,3,8,17,2,18,1,1
315,2011-09-17,17:30,Exeter,19,0,Bath,23,0,Recreation Ground,Unknown,42,H,17,Sat,Sep,2011,2011-12,25.0,21.6,0.0,0.2,1,0,8,9,2,19,1,1
314,2011-09-17,17:30,Bath,23,0,Exeter,19,0,Recreation Ground,Unknown,42,H,17,Sat,Sep,2011,2011-12,29.4,14.0,0.2,0.2,0,1,8,9,2,19,1,1
316,2011-09-18,14:15,Saracens,18,0,Worcester,6,0,Vicarage Road,Llyr ApGeraint-Roberts,24,H,14,Sun,Sep,2011,2011-12,18.6,17.4,0.0,0.0,11,13,8,18,3,10,1,1
318,2011-09-23,19:45,Sale,29,0,Northampton,21,0,Edgeley Park,Tim Wigglesworth,50,H,19,Fri,Sep,2011,2011-12,22.4,32.4,0.2,0.0,10,9,8,2,0,18,1,1
319,2011-09-23,19:45,Northampton,21,0,Sale,29,0,Edgeley Park,Tim Wigglesworth,50,H,19,Fri,Sep,2011,2011-12,17.2,19.8,0.0,0.0,9,10,8,2,0,18,1,1
321,2011-09-24,14:30,Saracens,50,0,Leicester,25,0,Welford Road,Greg Garner,75,A,14,Sat,Sep,2011,2011-12,19.0,16.0,0.0,0.0,11,5,8,19,2,8,1,0
320,2011-09-24,14:30,Leicester,25,0,Saracens,50,0,Welford Road,Greg Garner,75,A,14,Sat,Sep,2011,2011-12,22.6,23.2,0.0,0.0,5,11,8,19,2,8,1,0
322,2011-09-24,15:00,Gloucester,23,0,Bath,6,0,Kingsholm,Unknown,29,H,15,Sat,Sep,2011,2011-12,27.4,21.0,0.0,0.0,2,0,8,6,2,19,1,1
327,2011-09-24,15:00,Harlequins,17,0,Worcester,15,0,Sixways,Chris White,32,A,15,Sat,Sep,2011,2011-12,29.6,12.4,0.2,0.0,3,13,8,13,2,2,1,0
324,2011-09-24,15:00,London Irish,46,0,Newcastle,29,0,Madejski Stadium,Unknown,75,H,15,Sat,Sep,2011,2011-12,22.0,26.0,0.2,0.0,6,8,8,8,2,19,1,1
323,2011-09-24,15:00,Bath,6,0,Gloucester,23,0,Kingsholm,Unknown,29,H,15,Sat,Sep,2011,2011-12,25.4,15.8,0.0,0.2,0,2,8,6,2,19,1,1
325,2011-09-24,15:00,Newcastle,29,0,London Irish,46,0,Madejski Stadium,Unknown,75,H,15,Sat,Sep,2011,2011-12,14.6,27.4,0.2,0.0,8,6,8,8,2,19,1,1
329,2011-09-25,15:00,Wasps,11,0,Exeter,21,0,Sandy Park,Martin Fox,32,H,15,Sun,Sep,2011,2011-12,18.2,27.4,0.0,0.2,12,1,8,12,3,13,1,1
328,2011-09-25,15:00,Exeter,21,0,Wasps,11,0,Sandy Park,Martin Fox,32,H,15,Sun,Sep,2011,2011-12,26.4,19.6,0.0,0.2,1,12,8,12,3,13,1,1
331,2011-09-30,19:45,Northampton,3,0,Worcester,12,0,Sixways,Unknown,15,H,19,Fri,Sep,2011,2011-12,15.2,20.8,0.0,0.0,9,13,8,13,0,19,1,1
332,2011-10-01,13:00,Gloucester,33,0,London Irish,30,0,Kingsholm,Greg Garner,63,H,13,Sat,Oct,2011,2011-12,18.4,18.8,0.0,0.0,2,6,7,6,2,8,1,1
337,2011-10-01,15:00,Sale,41,0,Harlequins,48,0,Twickenham Stoop,Martin Fox,89,H,15,Sat,Oct,2011,2011-12,23.4,30.6,0.0,0.0,10,3,7,17,2,13,1,1
335,2011-10-01,15:00,Saracens,17,0,Exeter,13,0,Sandy Park,Unknown,30,A,15,Sat,Oct,2011,2011-12,26.6,19.0,0.0,0.0,11,1,7,12,2,19,1,0
338,2011-10-01,15:15,Bath,26,0,Leicester,25,0,Recreation Ground,Tim Wigglesworth,51,H,15,Sat,Oct,2011,2011-12,23.8,18.2,0.0,0.0,0,5,7,9,2,18,1,1
334,2011-10-01,15:00,Exeter,13,0,Saracens,17,0,Sandy Park,Unknown,30,A,15,Sat,Oct,2011,2011-12,24.6,17.0,0.0,0.0,1,11,7,12,2,19,1,0
339,2011-10-01,15:15,Leicester,25,0,Bath,26,0,Recreation Ground,Tim Wigglesworth,51,H,15,Sat,Oct,2011,2011-12,25.4,32.6,0.0,0.0,5,0,7,9,2,18,1,1
336,2011-10-01,15:00,Harlequins,48,0,Sale,41,0,Twickenham Stoop,Martin Fox,89,H,15,Sat,Oct,2011,2011-12,25.4,14.8,0.0,0.0,3,10,7,17,2,13,1,1
333,2011-10-01,13:00,London Irish,30,0,Gloucester,33,0,Kingsholm,Greg Garner,63,H,13,Sat,Oct,2011,2011-12,27.2,26.6,0.0,0.0,6,2,7,6,2,8,1,1
341,2011-10-02,15:30,Wasps,10,0,Newcastle,15,0,Kingston Park,Sean Davey,25,H,15,Sun,Oct,2011,2011-12,18.4,23.0,0.0,0.0,12,8,7,7,3,17,1,1
340,2011-10-02,15:30,Newcastle,15,0,Wasps,10,0,Kingston Park,Sean Davey,25,H,15,Sun,Oct,2011,2011-12,18.2,33.8,0.0,0.0,8,12,7,7,3,17,1,1
347,2011-10-08,16:45,Harlequins,27,0,Leicester,18,0,Welford Road,Unknown,45,A,16,Sat,Oct,2011,2011-12,32.4,19.8,0.0,0.0,3,5,7,19,2,19,1,0
342,2011-10-08,14:30,Northampton,33,0,Exeter,3,0,Franklin's Gardens,Greg Garner,36,H,14,Sat,Oct,2011,2011-12,15.2,21.0,0.0,0.0,9,1,7,3,2,8,1,1
343,2011-10-08,14:30,Exeter,3,0,Northampton,33,0,Franklin's Gardens,Greg Garner,36,H,14,Sat,Oct,2011,2011-12,23.0,18.8,0.0,0.0,1,9,7,3,2,8,1,1
344,2011-10-08,15:00,Sale,13,0,Gloucester,11,0,Edgeley Park,Sean Davey,24,H,15,Sat,Oct,2011,2011-12,28.2,26.6,0.0,0.0,10,2,7,2,2,17,1,1
346,2011-10-08,16:45,Leicester,18,0,Harlequins,27,0,Welford Road,Unknown,45,A,16,Sat,Oct,2011,2011-12,26.8,33.4,0.0,0.0,5,3,7,19,2,19,1,0
345,2011-10-08,15:00,Gloucester,11,0,Sale,13,0,Edgeley Park,Sean Davey,24,H,15,Sat,Oct,2011,2011-12,23.0,22.4,0.0,0.0,2,10,7,2,2,17,1,1
348,2011-10-09,14:00,London Irish,42,0,Worcester,24,0,Madejski Stadium,Unknown,66,H,14,Sun,Oct,2011,2011-12,28.6,26.8,0.0,0.0,6,13,7,8,3,19,1,1
351,2011-10-09,15:00,Bath,24,0,Wasps,27,0,Adams Park,Andrew Small,51,H,15,Sun,Oct,2011,2011-12,20.6,20.8,0.0,0.0,0,12,7,0,3,0,1,1
352,2011-10-09,15:00,Saracens,25,0,Newcastle,5,0,Vicarage Road,Unknown,30,H,15,Sun,Oct,2011,2011-12,25.6,18.0,0.0,0.0,11,8,7,18,3,19,1,1
353,2011-10-09,15:00,Newcastle,5,0,Saracens,25,0,Vicarage Road,Unknown,30,H,15,Sun,Oct,2011,2011-12,18.8,27.4,0.0,0.0,8,11,7,18,3,19,1,1
350,2011-10-09,15:00,Wasps,27,0,Bath,24,0,Adams Park,Andrew Small,51,H,15,Sun,Oct,2011,2011-12,18.8,21.8,0.0,0.0,12,0,7,0,3,0,1,1
355,2011-10-28,19:45,Leicester,34,0,Sale,13,0,Edgeley Park,Andrew Small,47,A,19,Fri,Oct,2011,2011-12,24.8,32.8,0.0,0.0,5,10,7,2,0,0,1,0
357,2011-10-28,19:45,Wasps,14,0,Worcester,12,0,Sixways,Greg Garner,26,A,19,Fri,Oct,2011,2011-12,20.2,23.6,0.0,0.0,12,13,7,13,0,8,1,0
354,2011-10-28,19:45,Sale,13,0,Leicester,34,0,Edgeley Park,Andrew Small,47,A,19,Fri,Oct,2011,2011-12,28.4,25.4,0.0,0.0,10,5,7,2,0,0,1,0
364,2011-10-29,17:45,Gloucester,17,0,Saracens,19,0,Kingsholm,Tim Wigglesworth,36,A,17,Sat,Oct,2011,2011-12,20.4,19.8,0.0,0.0,2,11,7,6,2,18,1,0
361,2011-10-29,15:00,Exeter,13,0,Harlequins,19,0,Twickenham Stoop,Sean Davey,32,H,15,Sat,Oct,2011,2011-12,17.6,19.8,0.0,0.0,1,3,7,17,2,17,1,1
365,2011-10-29,17:45,Saracens,19,0,Gloucester,17,0,Kingsholm,Tim Wigglesworth,36,A,17,Sat,Oct,2011,2011-12,27.6,15.0,0.0,0.0,11,2,7,6,2,18,1,0
359,2011-10-29,14:30,Bath,13,0,London Irish,12,0,Madejski Stadium,Unknown,25,A,14,Sat,Oct,2011,2011-12,21.0,24.4,0.0,0.0,0,6,7,8,2,19,1,0
363,2011-10-29,15:00,Newcastle,15,0,Northampton,44,0,Franklin's Gardens,Unknown,59,H,15,Sat,Oct,2011,2011-12,18.0,28.0,0.0,0.0,8,9,7,3,2,19,1,1
362,2011-10-29,15:00,Northampton,44,0,Newcastle,15,0,Franklin's Gardens,Unknown,59,H,15,Sat,Oct,2011,2011-12,16.6,16.8,0.0,0.0,9,8,7,3,2,19,1,1
360,2011-10-29,15:00,Harlequins,19,0,Exeter,13,0,Twickenham Stoop,Sean Davey,32,H,15,Sat,Oct,2011,2011-12,32.0,18.6,0.0,0.0,3,1,7,17,2,17,1,1
358,2011-10-29,14:30,London Irish,12,0,Bath,13,0,Madejski Stadium,Unknown,25,A,14,Sat,Oct,2011,2011-12,32.2,25.8,0.0,0.0,6,0,7,8,2,19,1,0
366,2011-11-04,19:45,Newcastle,16,0,Worcester,16,0,Kingston Park,Wayne Barnes,32,D,19,Fri,Nov,2011,2011-12,18.0,30.4,0.0,0.0,8,13,6,7,0,20,1,0
371,2011-11-05,15:00,Gloucester,24,0,Exeter,19,0,Sandy Park,Andrew Small,43,A,15,Sat,Nov,2011,2011-12,18.0,22.0,0.0,0.0,2,1,6,12,2,0,1,0
368,2011-11-05,14:15,Bath,13,0,Harlequins,26,0,Recreation Ground,Dean Richards,39,A,14,Sat,Nov,2011,2011-12,18.4,21.2,0.0,0.0,0,3,6,9,2,6,1,0
370,2011-11-05,15:00,Exeter,19,0,Gloucester,24,0,Sandy Park,Andrew Small,43,A,15,Sat,Nov,2011,2011-12,13.8,20.6,0.0,0.0,1,2,6,12,2,0,1,0
373,2011-11-05,15:05,London Irish,24,0,Leicester,24,0,Welford Road,Dave Pearson,48,D,15,Sat,Nov,2011,2011-12,28.8,22.4,0.0,0.0,6,5,6,19,2,3,1,0
369,2011-11-05,14:15,Harlequins,26,0,Bath,13,0,Recreation Ground,Dean Richards,39,A,14,Sat,Nov,2011,2011-12,30.6,18.6,0.0,0.0,3,0,6,9,2,6,1,0
372,2011-11-05,15:05,Leicester,24,0,London Irish,24,0,Welford Road,Dave Pearson,48,D,15,Sat,Nov,2011,2011-12,25.8,28.4,0.0,0.0,5,6,6,19,2,3,1,0
376,2011-11-06,15:00,Saracens,23,0,Sale,10,0,Vicarage Road,Martin Fox,33,H,15,Sun,Nov,2011,2011-12,25.8,13.2,0.0,0.0,11,10,6,18,3,13,1,1
377,2011-11-06,15:00,Sale,10,0,Saracens,23,0,Vicarage Road,Martin Fox,33,H,15,Sun,Nov,2011,2011-12,25.0,26.4,0.0,0.0,10,11,6,18,3,13,1,1
374,2011-11-06,14:15,Wasps,13,0,Northampton,24,0,Adams Park,Tim Wigglesworth,37,A,14,Sun,Nov,2011,2011-12,16.0,20.2,0.0,0.0,12,9,6,0,3,18,1,0
375,2011-11-06,14:15,Northampton,24,0,Wasps,13,0,Adams Park,Tim Wigglesworth,37,A,14,Sun,Nov,2011,2011-12,22.8,14.6,0.0,0.0,9,12,6,0,3,18,1,0
378,2011-11-25,19:45,Sale,23,0,Exeter,30,0,Edgeley Park,Tim Wigglesworth,53,A,19,Fri,Nov,2011,2011-12,21.2,27.4,0.0,0.0,10,1,6,2,0,18,1,0
381,2011-11-25,19:45,Bath,7,0,Worcester,16,0,Sixways,Martin Fox,23,H,19,Fri,Nov,2011,2011-12,16.4,22.6,0.0,0.0,0,13,6,13,0,13,1,1
379,2011-11-25,19:45,Exeter,30,0,Sale,23,0,Edgeley Park,Tim Wigglesworth,53,A,19,Fri,Nov,2011,2011-12,13.8,20.8,0.0,0.0,1,10,6,2,0,18,1,0
386,2011-11-26,17:00,Northampton,30,0,Saracens,8,0,Franklin's Gardens,Dave Pearson,38,H,17,Sat,Nov,2011,2011-12,25.0,14.4,0.0,0.0,9,11,6,3,2,3,1,1
385,2011-11-26,15:00,Wasps,17,0,London Irish,21,0,Madejski Stadium,Sean Davey,38,H,15,Sat,Nov,2011,2011-12,15.0,19.2,0.0,0.0,12,6,6,8,2,17,1,1
382,2011-11-26,14:15,Gloucester,14,0,Leicester,19,0,Kingsholm,Unknown,33,A,14,Sat,Nov,2011,2011-12,21.6,17.4,0.0,0.0,2,5,6,6,2,19,1,0
384,2011-11-26,15:00,London Irish,21,0,Wasps,17,0,Madejski Stadium,Sean Davey,38,H,15,Sat,Nov,2011,2011-12,30.8,24.6,0.0,0.0,6,12,6,8,2,17,1,1
383,2011-11-26,14:15,Leicester,19,0,Gloucester,14,0,Kingsholm,Unknown,33,A,14,Sat,Nov,2011,2011-12,25.2,28.0,0.0,0.0,5,2,6,6,2,19,1,0
387,2011-11-26,17:00,Saracens,8,0,Northampton,30,0,Franklin's Gardens,Dave Pearson,38,H,17,Sat,Nov,2011,2011-12,26.8,14.0,0.0,0.0,11,9,6,3,2,3,1,1
388,2011-11-27,15:00,Harlequins,39,0,Newcastle,8,0,Twickenham Stoop,Unknown,47,H,15,Sun,Nov,2011,2011-12,27.4,20.0,0.0,0.0,3,8,6,17,3,19,1,1
389,2011-11-27,15:00,Newcastle,8,0,Harlequins,39,0,Twickenham Stoop,Unknown,47,H,15,Sun,Nov,2011,2011-12,16.0,28.2,0.0,0.0,8,3,6,17,3,19,1,1
391,2011-12-02,20:00,Gloucester,25,0,Newcastle,26,0,Kingston Park,Greg Garner,51,H,20,Fri,Dec,2011,2011-12,19.8,20.0,0.0,0.0,2,8,1,7,0,8,1,1
390,2011-12-02,20:00,Newcastle,26,0,Gloucester,25,0,Kingston Park,Greg Garner,51,H,20,Fri,Dec,2011,2011-12,11.8,26.8,0.0,0.0,8,2,1,7,0,8,1,1
395,2011-12-03,14:15,Northampton,25,0,Leicester,30,0,Welford Road,Wayne Barnes,55,H,14,Sat,Dec,2011,2011-12,26.8,10.2,0.0,0.0,9,5,1,19,2,20,1,1
392,2011-12-03,14:15,Bath,13,0,Sale,16,0,Recreation Ground,Unknown,29,A,14,Sat,Dec,2011,2011-12,16.6,21.2,0.0,0.0,0,10,1,9,2,19,1,0
394,2011-12-03,14:15,Leicester,30,0,Northampton,25,0,Welford Road,Wayne Barnes,55,H,14,Sat,Dec,2011,2011-12,24.0,20.8,0.0,0.0,5,9,1,19,2,20,1,1
396,2011-12-03,15:00,Exeter,15,0,Worcester,9,0,Sandy Park,Unknown,24,H,15,Sat,Dec,2011,2011-12,15.6,23.2,0.0,0.0,1,13,1,12,2,19,1,1
393,2011-12-03,14:15,Sale,16,0,Bath,13,0,Recreation Ground,Unknown,29,A,14,Sat,Dec,2011,2011-12,20.0,29.2,0.0,0.0,10,0,1,9,2,19,1,0
400,2011-12-04,16:00,Wasps,16,0,Harlequins,22,0,Adams Park,Dean Richards,38,A,16,Sun,Dec,2011,2011-12,16.2,19.2,0.0,0.0,12,3,1,0,3,6,1,0
401,2011-12-04,16:00,Harlequins,22,0,Wasps,16,0,Adams Park,Dean Richards,38,A,16,Sun,Dec,2011,2011-12,31.8,18.6,0.0,0.0,3,12,1,0,3,6,1,0
398,2011-12-04,14:00,Saracens,15,0,London Irish,11,0,Vicarage Road,Andrew Small,26,H,14,Sun,Dec,2011,2011-12,18.4,15.0,0.0,0.0,11,6,1,18,3,0,1,1
399,2011-12-04,14:00,London Irish,11,0,Saracens,15,0,Vicarage Road,Andrew Small,26,H,14,Sun,Dec,2011,2011-12,25.8,22.2,0.0,0.0,6,11,1,18,3,0,1,1
402,2011-12-24,15:15,Northampton,22,0,Bath,13,0,Franklin's Gardens,Unknown,35,H,15,Sat,Dec,2011,2011-12,31.2,13.8,0.0,0.0,9,0,1,3,2,19,1,1
403,2011-12-24,15:15,Bath,13,0,Northampton,22,0,Franklin's Gardens,Unknown,35,H,15,Sat,Dec,2011,2011-12,14.0,19.4,0.0,0.0,0,9,1,3,2,19,1,1
405,2011-12-26,14:30,Newcastle,19,0,Sale,27,0,Edgeley Park,Dave Pearson,46,H,14,Mon,Dec,2011,2011-12,14.0,29.8,0.0,0.0,8,10,1,2,1,3,1,1
406,2011-12-26,15:00,Gloucester,39,0,Wasps,10,0,Kingsholm,Greg Garner,49,H,15,Mon,Dec,2011,2011-12,18.2,19.2,0.0,0.0,2,12,1,6,1,8,1,1
404,2011-12-26,14:30,Sale,27,0,Newcastle,19,0,Edgeley Park,Dave Pearson,46,H,14,Mon,Dec,2011,2011-12,15.0,22.2,0.0,0.0,10,8,1,2,1,3,1,1
407,2011-12-26,15:00,Wasps,10,0,Gloucester,39,0,Kingsholm,Greg Garner,49,H,15,Mon,Dec,2011,2011-12,17.4,20.6,0.0,0.0,12,2,1,6,1,8,1,1
411,2011-12-27,14:00,Leicester,32,0,Worcester,13,0,Sixways,Unknown,45,A,14,Tue,Dec,2011,2011-12,25.0,20.6,0.0,0.0,5,13,1,13,4,19,1,0
409,2011-12-27,13:30,Exeter,22,0,London Irish,29,0,Madejski Stadium,Dean Richards,51,H,13,Tue,Dec,2011,2011-12,16.0,21.6,0.0,0.0,1,6,1,8,4,6,1,1
408,2011-12-27,13:30,London Irish,29,0,Exeter,22,0,Madejski Stadium,Dean Richards,51,H,13,Tue,Dec,2011,2011-12,22.0,18.6,0.0,0.0,6,1,1,8,4,6,1,1
410,2011-12-27,14:00,Worcester,13,0,Leicester,32,0,Sixways,Unknown,45,A,14,Tue,Dec,2011,2011-12,15.4,18.8,0.0,0.0,13,5,1,13,4,19,1,0
412,2011-12-27,16:30,Harlequins,11,0,Saracens,19,0,Twickenham Stadium,Wayne Barnes,30,A,16,Tue,Dec,2011,2011-12,26.6,13.6,0.0,0.0,3,11,1,16,4,20,1,0
413,2011-12-27,16:30,Saracens,19,0,Harlequins,11,0,Twickenham Stadium,Wayne Barnes,30,A,16,Tue,Dec,2011,2011-12,18.0,14.6,0.0,0.0,11,3,1,16,4,20,1,0
414,2011-12-31,14:00,Newcastle,14,0,Northampton,32,0,Kingston Park,Tim Wigglesworth,46,A,14,Sat,Dec,2011,2011-12,16.8,30.2,0.0,0.0,8,9,1,7,2,18,1,0
415,2011-12-31,14:00,Northampton,32,0,Newcastle,14,0,Kingston Park,Tim Wigglesworth,46,A,14,Sat,Dec,2011,2011-12,29.0,15.8,0.0,0.0,9,8,1,7,2,18,1,0
416,2011-12-31,15:45,Exeter,9,0,Harlequins,11,0,Sandy Park,Unknown,20,A,15,Sat,Dec,2011,2011-12,19.8,20.8,0.0,0.0,1,3,1,12,2,19,1,0
417,2011-12-31,15:45,Harlequins,11,0,Exeter,9,0,Sandy Park,Unknown,20,A,15,Sat,Dec,2011,2011-12,23.4,13.8,0.0,0.0,3,1,1,12,2,19,1,0
418,2012-01-01,13:30,Bath,30,0,London Irish,3,0,Recreation Ground,Martin Fox,33,H,13,Sun,Jan,2012,2011-12,11.8,18.4,0.0,0.0,0,6,3,9,3,13,1,1
422,2012-01-01,15:00,Saracens,15,0,Gloucester,15,0,Vicarage Road,Sean Davey,30,D,15,Sun,Jan,2012,2011-12,16.8,15.8,0.0,0.0,11,2,3,18,3,17,1,0
423,2012-01-01,15:00,Gloucester,15,0,Saracens,15,0,Vicarage Road,Sean Davey,30,D,15,Sun,Jan,2012,2011-12,23.8,18.6,0.0,0.0,2,11,3,18,3,17,1,0
421,2012-01-01,15:00,Worcester,6,0,Wasps,0,0,Adams Park,Wayne Barnes,6,A,15,Sun,Jan,2012,2011-12,13.2,16.8,0.0,0.0,13,12,3,0,3,20,1,0
419,2012-01-01,13:30,London Irish,3,0,Bath,30,0,Recreation Ground,Martin Fox,33,H,13,Sun,Jan,2012,2011-12,19.4,18.2,0.0,0.0,6,0,3,9,3,13,1,1
425,2012-01-01,15:30,Sale,23,0,Leicester,28,0,Welford Road,Andrew Small,51,H,15,Sun,Jan,2012,2011-12,17.8,23.8,0.0,0.0,10,5,3,19,3,0,1,1
420,2012-01-01,15:00,Wasps,0,0,Worcester,6,0,Adams Park,Wayne Barnes,6,A,15,Sun,Jan,2012,2011-12,14.0,23.6,0.0,0.0,12,13,3,0,3,20,1,0
424,2012-01-01,15:30,Leicester,28,0,Sale,23,0,Welford Road,Andrew Small,51,H,15,Sun,Jan,2012,2011-12,27.8,17.8,0.0,0.0,5,10,3,19,3,0,1,1
427,2012-01-06,19:45,Harlequins,3,0,Northampton,24,0,Franklin's Gardens,Dave Pearson,27,H,19,Fri,Jan,2012,2011-12,21.8,13.0,0.0,0.0,3,9,3,3,0,3,1,1
426,2012-01-06,19:45,Northampton,24,0,Harlequins,3,0,Franklin's Gardens,Dave Pearson,27,H,19,Fri,Jan,2012,2011-12,26.6,15.6,0.0,0.0,9,3,3,3,0,3,1,1
430,2012-01-07,15:00,Newcastle,10,0,Exeter,16,0,Kingston Park,Andrew Small,26,A,15,Sat,Jan,2012,2011-12,16.6,27.8,0.0,0.0,8,1,3,7,2,0,1,0
429,2012-01-07,14:45,Gloucester,15,0,Worcester,21,0,Sixways,Martin Fox,36,H,14,Sat,Jan,2012,2011-12,23.4,17.8,0.0,0.0,2,13,3,13,2,13,1,1
432,2012-01-07,17:00,Leicester,19,0,Wasps,11,0,Welford Road,Tim Wigglesworth,30,H,17,Sat,Jan,2012,2011-12,26.6,19.8,0.0,0.0,5,12,3,19,2,18,1,1
428,2012-01-07,14:45,Worcester,21,0,Gloucester,15,0,Sixways,Martin Fox,36,H,14,Sat,Jan,2012,2011-12,12.0,14.0,0.0,0.0,13,2,3,13,2,13,1,1
431,2012-01-07,15:00,Exeter,16,0,Newcastle,10,0,Kingston Park,Andrew Small,26,A,15,Sat,Jan,2012,2011-12,19.0,19.2,0.0,0.0,1,8,3,7,2,0,1,0
433,2012-01-07,17:00,Wasps,11,0,Leicester,19,0,Welford Road,Tim Wigglesworth,30,H,17,Sat,Jan,2012,2011-12,11.2,22.4,0.0,0.0,12,5,3,19,2,18,1,1
435,2012-01-08,15:00,Sale,19,0,London Irish,21,0,Madejski Stadium,Wayne Barnes,40,H,15,Sun,Jan,2012,2011-12,19.8,22.6,0.0,0.0,10,6,3,8,3,20,1,1
434,2012-01-08,15:00,London Irish,21,0,Sale,19,0,Madejski Stadium,Wayne Barnes,40,H,15,Sun,Jan,2012,2011-12,17.6,21.6,0.0,0.0,6,10,3,8,3,20,1,1
437,2012-01-08,15:00,Bath,19,0,Saracens,26,0,Vicarage Road,Unknown,45,H,15,Sun,Jan,2012,2011-12,15.2,16.6,0.0,0.0,0,11,3,18,3,19,1,1
436,2012-01-08,15:00,Saracens,26,0,Bath,19,0,Vicarage Road,Unknown,45,H,15,Sun,Jan,2012,2011-12,16.0,15.4,0.0,0.0,11,0,3,18,3,19,1,1
439,2012-02-10,20:00,Worcester,12,0,Sale,15,0,Edgeley Park,Llyr ApGeraint-Roberts,27,H,20,Fri,Feb,2012,2011-12,13.0,13.8,0.0,0.0,13,10,2,2,0,10,1,1
438,2012-02-10,20:00,Sale,15,0,Worcester,12,0,Edgeley Park,Llyr ApGeraint-Roberts,27,H,20,Fri,Feb,2012,2011-12,21.6,22.2,0.0,0.0,10,13,2,2,0,10,1,1
444,2012-02-11,14:15,Gloucester,27,0,Northampton,24,0,Kingsholm,Unknown,51,H,14,Sat,Feb,2012,2011-12,21.6,18.2,0.0,0.0,2,9,2,6,2,19,1,1
446,2012-02-11,18:00,Exeter,19,0,Leicester,11,0,Sandy Park,Sean Davey,30,H,18,Sat,Feb,2012,2011-12,18.4,16.4,0.0,0.0,1,5,2,12,2,17,1,1
447,2012-02-11,18:00,Leicester,11,0,Exeter,19,0,Sandy Park,Sean Davey,30,H,18,Sat,Feb,2012,2011-12,25.6,17.2,0.0,0.0,5,1,2,12,2,17,1,1
440,2012-02-11,14:00,Harlequins,30,0,London Irish,23,0,Twickenham Stoop,Tim Wigglesworth,53,H,14,Sat,Feb,2012,2011-12,17.2,15.2,0.0,0.0,3,6,2,17,2,18,1,1
442,2012-02-11,14:15,Bath,30,0,Newcastle,24,0,Recreation Ground,Dean Richards,54,H,14,Sat,Feb,2012,2011-12,16.4,16.6,0.0,0.0,0,8,2,9,2,6,1,1
445,2012-02-11,14:15,Northampton,24,0,Gloucester,27,0,Kingsholm,Unknown,51,H,14,Sat,Feb,2012,2011-12,26.6,13.6,0.0,0.0,9,2,2,6,2,19,1,1
441,2012-02-11,14:00,London Irish,23,0,Harlequins,30,0,Twickenham Stoop,Tim Wigglesworth,53,H,14,Sat,Feb,2012,2011-12,17.0,20.6,0.0,0.0,6,3,2,17,2,18,1,1
443,2012-02-11,14:15,Newcastle,24,0,Bath,30,0,Recreation Ground,Dean Richards,54,H,14,Sat,Feb,2012,2011-12,15.4,27.8,0.0,0.0,8,0,2,9,2,6,1,1
449,2012-02-12,13:15,Saracens,22,0,Wasps,17,0,Adams Park,Greg Garner,39,A,13,Sun,Feb,2012,2011-12,16.6,17.2,0.0,0.0,11,12,2,0,3,8,1,0
448,2012-02-12,13:15,Wasps,17,0,Saracens,22,0,Adams Park,Greg Garner,39,A,13,Sun,Feb,2012,2011-12,10.8,21.4,0.0,0.0,12,11,2,0,3,8,1,0
450,2012-02-18,14:30,Bath,11,0,Gloucester,14,0,Recreation Ground,Wayne Barnes,25,A,14,Sat,Feb,2012,2011-12,21.0,18.2,0.0,0.0,0,2,2,9,2,20,1,0
459,2012-02-18,17:30,Worcester,14,0,Harlequins,16,0,Twickenham Stoop,Unknown,30,H,17,Sat,Feb,2012,2011-12,12.2,15.4,0.0,0.0,13,3,2,17,2,19,1,1
454,2012-02-18,15:00,Newcastle,19,0,London Irish,10,0,Kingston Park,Unknown,29,H,15,Sat,Feb,2012,2011-12,18.6,26.0,0.0,0.0,8,6,2,7,2,19,1,1
455,2012-02-18,15:00,London Irish,10,0,Newcastle,19,0,Kingston Park,Unknown,29,H,15,Sat,Feb,2012,2011-12,17.4,23.2,0.0,0.0,6,8,2,7,2,19,1,1
453,2012-02-18,15:00,Exeter,15,0,Wasps,12,0,Adams Park,Dave Pearson,27,A,15,Sat,Feb,2012,2011-12,16.2,14.0,0.0,0.0,1,12,2,0,2,3,1,0
456,2012-02-18,15:00,Northampton,24,0,Sale,17,0,Franklin's Gardens,Greg Garner,41,H,15,Sat,Feb,2012,2011-12,25.4,17.4,0.0,0.0,9,10,2,3,2,8,1,1
458,2012-02-18,17:30,Harlequins,16,0,Worcester,14,0,Twickenham Stoop,Unknown,30,H,17,Sat,Feb,2012,2011-12,15.4,18.2,0.0,0.0,3,13,2,17,2,19,1,1
452,2012-02-18,15:00,Wasps,12,0,Exeter,15,0,Adams Park,Dave Pearson,27,A,15,Sat,Feb,2012,2011-12,10.8,21.6,0.0,0.0,12,1,2,0,2,3,1,0
451,2012-02-18,14:30,Gloucester,14,0,Bath,11,0,Recreation Ground,Wayne Barnes,25,A,14,Sat,Feb,2012,2011-12,24.2,19.2,0.0,0.0,2,0,2,9,2,20,1,0
457,2012-02-18,15:00,Sale,17,0,Northampton,24,0,Franklin's Gardens,Greg Garner,41,H,15,Sat,Feb,2012,2011-12,20.0,18.6,0.0,0.0,10,9,2,3,2,8,1,1
460,2012-02-19,14:30,Saracens,19,0,Leicester,20,0,Vicarage Road,Andrew Small,39,A,14,Sun,Feb,2012,2011-12,19.4,14.6,0.0,0.0,11,5,2,18,3,0,1,0
461,2012-02-19,14:30,Leicester,20,0,Saracens,19,0,Vicarage Road,Andrew Small,39,A,14,Sun,Feb,2012,2011-12,24.0,18.2,0.0,0.0,5,11,2,18,3,0,1,0
464,2012-02-24,19:45,Worcester,16,0,Saracens,11,0,Sixways,Unknown,27,H,19,Fri,Feb,2012,2011-12,13.2,15.6,0.0,0.0,13,11,2,13,0,19,1,1
465,2012-02-24,19:45,Saracens,11,0,Worcester,16,0,Sixways,Unknown,27,H,19,Fri,Feb,2012,2011-12,20.2,16.4,0.0,0.0,11,13,2,13,0,19,1,1
463,2012-02-24,19:45,Wasps,34,0,Sale,46,0,Edgeley Park,Sean Davey,80,H,19,Fri,Feb,2012,2011-12,10.0,20.2,0.0,0.0,12,10,2,2,0,17,1,1
462,2012-02-24,19:45,Sale,46,0,Wasps,34,0,Edgeley Park,Sean Davey,80,H,19,Fri,Feb,2012,2011-12,20.2,20.8,0.0,0.0,10,12,2,2,0,17,1,1
470,2012-02-25,18:00,Gloucester,29,0,Harlequins,23,0,Kingsholm,Dave Pearson,52,H,18,Sat,Feb,2012,2011-12,22.0,16.2,0.0,0.0,2,3,2,6,2,3,1,1
471,2012-02-25,18:00,Harlequins,23,0,Gloucester,29,0,Kingsholm,Dave Pearson,52,H,18,Sat,Feb,2012,2011-12,14.2,17.8,0.0,0.0,3,2,2,6,2,3,1,1
466,2012-02-25,15:00,Leicester,42,0,Newcastle,15,0,Welford Road,Greg Garner,57,H,15,Sat,Feb,2012,2011-12,22.0,17.0,0.0,0.0,5,8,2,19,2,8,1,1
469,2012-02-25,18:00,Bath,12,0,Exeter,9,0,Sandy Park,Unknown,21,A,18,Sat,Feb,2012,2011-12,20.6,17.8,0.0,0.0,0,1,2,12,2,19,1,0
468,2012-02-25,18:00,Exeter,9,0,Bath,12,0,Sandy Park,Unknown,21,A,18,Sat,Feb,2012,2011-12,16.2,14.6,0.0,0.0,1,0,2,12,2,19,1,0
467,2012-02-25,15:00,Newcastle,15,0,Leicester,42,0,Welford Road,Greg Garner,57,H,15,Sat,Feb,2012,2011-12,17.2,23.0,0.0,0.0,8,5,2,19,2,8,1,1
472,2012-02-26,13:15,London Irish,23,0,Northampton,30,0,Madejski Stadium,Andrew Small,53,A,13,Sun,Feb,2012,2011-12,17.2,24.0,0.0,0.0,6,9,2,8,3,0,1,0
473,2012-02-26,13:15,Northampton,30,0,London Irish,23,0,Madejski Stadium,Andrew Small,53,A,13,Sun,Feb,2012,2011-12,25.2,14.8,0.0,0.0,9,6,2,8,3,0,1,0
474,2012-03-02,19:45,Newcastle,9,0,Harlequins,9,0,Kingston Park,Andrew Small,18,D,19,Fri,Mar,2012,2011-12,16.4,26.0,0.0,0.0,8,3,4,7,0,0,1,0
475,2012-03-02,19:45,Harlequins,9,0,Newcastle,9,0,Kingston Park,Andrew Small,18,D,19,Fri,Mar,2012,2011-12,16.6,19.8,0.0,0.0,3,8,4,7,0,0,1,0
479,2012-03-03,15:00,Sale,12,0,Exeter,37,0,Sandy Park,Dean Richards,49,H,15,Sat,Mar,2012,2011-12,24.0,23.8,0.0,0.0,10,1,4,12,2,6,1,1
476,2012-03-03,14:15,Bath,36,0,Worcester,17,0,Recreation Ground,Greg Garner,53,H,14,Sat,Mar,2012,2011-12,20.4,15.2,0.0,0.0,0,13,4,9,2,8,1,1
481,2012-03-03,15:00,London Irish,13,0,Wasps,18,0,Adams Park,Martin Fox,31,H,15,Sat,Mar,2012,2011-12,16.0,25.6,0.0,0.0,6,12,4,0,2,13,1,1
477,2012-03-03,14:15,Worcester,17,0,Bath,36,0,Recreation Ground,Greg Garner,53,H,14,Sat,Mar,2012,2011-12,13.8,11.4,0.0,0.0,13,0,4,9,2,8,1,1
478,2012-03-03,15:00,Exeter,37,0,Sale,12,0,Sandy Park,Dean Richards,49,H,15,Sat,Mar,2012,2011-12,13.6,11.2,0.0,0.0,1,10,4,12,2,6,1,1
480,2012-03-03,15:00,Wasps,18,0,London Irish,13,0,Adams Park,Martin Fox,31,H,15,Sat,Mar,2012,2011-12,14.8,21.6,0.0,0.0,12,6,4,0,2,13,1,1
484,2012-03-04,17:00,Saracens,18,0,Northampton,12,0,Vicarage Road,Unknown,30,H,17,Sun,Mar,2012,2011-12,18.6,17.4,0.0,0.0,11,9,4,18,3,19,1,1
485,2012-03-04,17:00,Northampton,12,0,Saracens,18,0,Vicarage Road,Unknown,30,H,17,Sun,Mar,2012,2011-12,26.8,16.8,0.0,0.0,9,11,4,18,3,19,1,1
482,2012-03-04,13:00,Leicester,36,0,Gloucester,3,0,Welford Road,Tim Wigglesworth,39,H,13,Sun,Mar,2012,2011-12,24.0,17.4,0.0,0.0,5,2,4,19,3,18,1,1
483,2012-03-04,13:00,Gloucester,3,0,Leicester,36,0,Welford Road,Tim Wigglesworth,39,H,13,Sun,Mar,2012,2011-12,20.0,18.8,0.0,0.0,2,5,4,19,3,18,1,1
487,2012-03-23,19:45,Saracens,45,0,Sale,9,0,Edgeley Park,Andrew Small,54,A,19,Fri,Mar,2012,2011-12,19.2,16.8,0.0,0.0,11,10,4,2,0,0,1,0
489,2012-03-23,19:45,Newcastle,9,0,Worcester,19,0,Sixways,Unknown,28,H,19,Fri,Mar,2012,2011-12,15.4,21.4,0.0,0.0,8,13,4,13,0,19,1,1
486,2012-03-23,19:45,Sale,9,0,Saracens,45,0,Edgeley Park,Andrew Small,54,A,19,Fri,Mar,2012,2011-12,21.8,25.6,0.0,0.0,10,11,4,2,0,0,1,0
488,2012-03-23,19:45,Worcester,19,0,Newcastle,9,0,Sixways,Unknown,28,H,19,Fri,Mar,2012,2011-12,16.0,18.6,0.0,0.0,13,8,4,13,0,19,1,1
493,2012-03-24,15:00,Exeter,28,0,Gloucester,27,0,Kingsholm,Greg Garner,55,A,15,Sat,Mar,2012,2011-12,19.2,11.4,0.0,0.0,1,2,4,6,2,8,1,0
492,2012-03-24,15:00,Gloucester,27,0,Exeter,28,0,Kingsholm,Greg Garner,55,A,15,Sat,Mar,2012,2011-12,17.6,23.0,0.0,0.0,2,1,4,6,2,8,1,0
494,2012-03-24,17:45,Northampton,32,0,Wasps,15,0,Franklin's Gardens,Tim Wigglesworth,47,H,17,Sat,Mar,2012,2011-12,22.8,17.6,0.0,0.0,9,12,4,3,2,18,1,1
491,2012-03-24,14:15,Bath,6,0,Harlequins,14,0,Twickenham Stoop,Wayne Barnes,20,H,14,Sat,Mar,2012,2011-12,21.6,18.0,0.0,0.0,0,3,4,17,2,20,1,1
490,2012-03-24,14:15,Harlequins,14,0,Bath,6,0,Twickenham Stoop,Wayne Barnes,20,H,14,Sat,Mar,2012,2011-12,16.2,19.8,0.0,0.0,3,0,4,17,2,20,1,1
495,2012-03-24,17:45,Wasps,15,0,Northampton,32,0,Franklin's Gardens,Tim Wigglesworth,47,H,17,Sat,Mar,2012,2011-12,18.4,23.0,0.0,0.0,12,9,4,3,2,18,1,1
496,2012-03-25,15:00,London Irish,32,0,Leicester,41,0,Madejski Stadium,Dean Richards,73,A,15,Sun,Mar,2012,2011-12,18.0,23.2,0.0,0.0,6,5,4,8,3,6,1,0
497,2012-03-25,15:00,Leicester,41,0,London Irish,32,0,Madejski Stadium,Dean Richards,73,A,15,Sun,Mar,2012,2011-12,25.6,13.4,0.0,0.0,5,6,4,8,3,6,1,0
501,2012-03-30,19:45,Sale,19,0,Newcastle,22,0,Kingston Park,Unknown,41,H,19,Fri,Mar,2012,2011-12,19.8,30.4,0.0,0.0,10,8,4,7,0,19,1,1
500,2012-03-30,19:45,Newcastle,22,0,Sale,19,0,Kingston Park,Unknown,41,H,19,Fri,Mar,2012,2011-12,15.2,22.0,0.0,0.0,8,10,4,7,0,19,1,1
499,2012-03-30,19:45,Worcester,13,0,Leicester,43,0,Welford Road,Wayne Barnes,56,H,19,Fri,Mar,2012,2011-12,15.6,17.4,0.0,0.0,13,5,4,19,0,20,1,1
498,2012-03-30,19:45,Leicester,43,0,Worcester,13,0,Welford Road,Wayne Barnes,56,H,19,Fri,Mar,2012,2011-12,30.0,17.6,0.0,0.0,5,13,4,19,0,20,1,1
502,2012-03-31,15:00,Exeter,18,0,London Irish,11,0,Sandy Park,Dave Pearson,29,H,15,Sat,Mar,2012,2011-12,21.6,14.8,0.0,0.0,1,6,4,12,2,3,1,1
507,2012-03-31,17:30,Northampton,26,0,Bath,6,0,Recreation Ground,Martin Fox,32,A,17,Sat,Mar,2012,2011-12,24.4,20.0,0.0,0.0,9,0,4,9,2,13,1,0
505,2012-03-31,15:00,Harlequins,24,0,Saracens,19,0,Wembley Stadium,Greg Garner,43,A,15,Sat,Mar,2012,2011-12,18.4,16.2,0.0,0.0,3,11,4,20,2,8,1,0
503,2012-03-31,15:00,London Irish,11,0,Exeter,18,0,Sandy Park,Dave Pearson,29,H,15,Sat,Mar,2012,2011-12,20.2,27.6,0.0,0.0,6,1,4,12,2,3,1,1
506,2012-03-31,17:30,Bath,6,0,Northampton,26,0,Recreation Ground,Martin Fox,32,A,17,Sat,Mar,2012,2011-12,19.0,15.6,0.0,0.0,0,9,4,9,2,13,1,0
504,2012-03-31,15:00,Saracens,19,0,Harlequins,24,0,Wembley Stadium,Greg Garner,43,A,15,Sat,Mar,2012,2011-12,23.0,14.8,0.0,0.0,11,3,4,20,2,8,1,0
509,2012-04-01,15:00,Gloucester,24,0,Wasps,26,0,Adams Park,Unknown,50,H,15,Sun,Apr,2012,2011-12,20.0,24.4,0.0,0.0,2,12,0,0,3,19,1,1
508,2012-04-01,15:00,Wasps,26,0,Gloucester,24,0,Adams Park,Unknown,50,H,15,Sun,Apr,2012,2011-12,19.2,25.6,0.0,0.0,12,2,0,0,3,19,1,1
511,2012-04-13,19:45,Bath,9,0,Sale,16,0,Edgeley Park,Greg Garner,25,H,19,Fri,Apr,2012,2011-12,14.2,16.0,0.0,0.0,0,10,0,2,0,8,1,1
510,2012-04-13,19:45,Sale,16,0,Bath,9,0,Edgeley Park,Greg Garner,25,H,19,Fri,Apr,2012,2011-12,20.6,32.4,0.0,0.0,10,0,0,2,0,8,1,1
513,2012-04-14,14:15,Leicester,35,0,Northampton,21,0,Franklin's Gardens,Dave Pearson,56,A,14,Sat,Apr,2012,2011-12,36.4,16.4,0.0,0.0,5,9,0,3,2,3,1,0
514,2012-04-14,15:00,Gloucester,20,0,Newcastle,29,0,Kingsholm,Tim Wigglesworth,49,A,15,Sat,Apr,2012,2011-12,19.4,24.8,0.0,0.0,2,8,0,6,2,18,1,0
512,2012-04-14,14:15,Northampton,21,0,Leicester,35,0,Franklin's Gardens,Dave Pearson,56,A,14,Sat,Apr,2012,2011-12,24.8,15.8,0.0,0.0,9,5,0,3,2,3,1,0
517,2012-04-14,15:00,Saracens,28,0,London Irish,19,0,Madejski Stadium,Martin Fox,47,A,15,Sat,Apr,2012,2011-12,22.4,16.2,0.0,0.0,11,6,0,8,2,13,1,0
515,2012-04-14,15:00,Newcastle,29,0,Gloucester,20,0,Kingsholm,Tim Wigglesworth,49,A,15,Sat,Apr,2012,2011-12,14.8,19.8,0.0,0.0,8,2,0,6,2,18,1,0
520,2012-04-14,16:30,Harlequins,33,0,Wasps,17,0,Twickenham Stoop,Unknown,50,H,16,Sat,Apr,2012,2011-12,17.2,15.4,0.0,0.0,3,12,0,17,2,19,1,1
516,2012-04-14,15:00,London Irish,19,0,Saracens,28,0,Madejski Stadium,Martin Fox,47,A,15,Sat,Apr,2012,2011-12,17.8,25.2,0.0,0.0,6,11,0,8,2,13,1,0
518,2012-04-14,15:00,Worcester,26,0,Exeter,31,0,Sixways,Dean Richards,57,A,15,Sat,Apr,2012,2011-12,15.8,23.0,0.0,0.0,13,1,0,13,2,6,1,0
521,2012-04-14,16:30,Wasps,17,0,Harlequins,33,0,Twickenham Stoop,Unknown,50,H,16,Sat,Apr,2012,2011-12,21.0,26.0,0.0,0.0,12,3,0,17,2,19,1,1
519,2012-04-14,15:00,Exeter,31,0,Worcester,26,0,Sixways,Dean Richards,57,A,15,Sat,Apr,2012,2011-12,21.4,14.8,0.0,0.0,1,13,0,13,2,6,1,0
522,2012-04-20,19:45,Newcastle,3,0,Saracens,9,0,Kingston Park,Unknown,12,A,19,Fri,Apr,2012,2011-12,16.8,21.8,0.0,0.0,8,11,0,7,0,19,1,0
523,2012-04-20,19:45,Saracens,9,0,Newcastle,3,0,Kingston Park,Unknown,12,A,19,Fri,Apr,2012,2011-12,24.2,16.0,0.0,0.0,11,8,0,7,0,19,1,0
525,2012-04-21,14:15,Wasps,12,0,Bath,17,0,Recreation Ground,Dave Pearson,29,H,14,Sat,Apr,2012,2011-12,22.0,29.6,0.0,0.0,12,0,0,9,2,3,1,1
527,2012-04-21,15:00,Sale,24,0,Gloucester,19,0,Kingsholm,Unknown,43,A,15,Sat,Apr,2012,2011-12,20.4,29.4,0.0,0.0,10,2,0,6,2,19,1,0
528,2012-04-21,15:00,Worcester,16,0,London Irish,25,0,Sixways,Tim Wigglesworth,41,A,15,Sat,Apr,2012,2011-12,18.2,26.0,0.0,0.0,13,6,0,13,2,18,1,0
529,2012-04-21,15:00,London Irish,25,0,Worcester,16,0,Sixways,Tim Wigglesworth,41,A,15,Sat,Apr,2012,2011-12,19.6,27.0,0.0,0.0,6,13,0,13,2,18,1,0
526,2012-04-21,15:00,Gloucester,19,0,Sale,24,0,Kingsholm,Unknown,43,A,15,Sat,Apr,2012,2011-12,20.6,28.4,0.0,0.0,2,10,0,6,2,19,1,0
530,2012-04-21,15:15,Harlequins,33,0,Leicester,43,0,Twickenham Stoop,Wayne Barnes,76,A,15,Sat,Apr,2012,2011-12,20.6,16.0,0.0,0.0,3,5,0,17,2,20,1,0
531,2012-04-21,15:15,Leicester,43,0,Harlequins,33,0,Twickenham Stoop,Wayne Barnes,76,A,15,Sat,Apr,2012,2011-12,39.4,16.8,0.0,0.0,5,3,0,17,2,20,1,0
524,2012-04-21,14:15,Bath,17,0,Wasps,12,0,Recreation Ground,Dave Pearson,29,H,14,Sat,Apr,2012,2011-12,13.8,16.4,0.0,0.0,0,12,0,9,2,3,1,1
533,2012-04-22,14:00,Northampton,18,0,Exeter,15,0,Sandy Park,Andrew Small,33,A,14,Sun,Apr,2012,2011-12,24.2,19.4,0.0,0.0,9,1,0,12,3,0,1,0
532,2012-04-22,14:00,Exeter,15,0,Northampton,18,0,Sandy Park,Andrew Small,33,A,14,Sun,Apr,2012,2011-12,24.6,17.6,0.0,0.0,1,9,0,12,3,0,1,0
542,2012-05-05,14:00,Sale,10,0,Harlequins,24,0,Edgeley Park,Martin Fox,34,A,14,Sat,May,2012,2011-12,16.0,26.4,0.0,0.0,10,3,5,2,2,13,1,0
537,2012-05-05,14:00,Gloucester,18,0,London Irish,52,0,Madejski Stadium,Dave Pearson,70,H,14,Sat,May,2012,2011-12,18.6,28.6,0.0,0.0,2,6,5,8,2,3,1,1
544,2012-05-05,14:00,Saracens,40,0,Exeter,22,0,Vicarage Road,Tim Wigglesworth,62,H,14,Sat,May,2012,2011-12,23.8,13.4,0.0,0.0,11,1,5,18,2,18,1,1
541,2012-05-05,14:00,Worcester,14,0,Northampton,42,0,Franklin's Gardens,Greg Garner,56,H,14,Sat,May,2012,2011-12,18.2,28.8,0.0,0.0,13,9,5,3,2,8,1,1
535,2012-05-05,14:00,Bath,3,0,Leicester,28,0,Welford Road,Dean Richards,31,H,14,Sat,May,2012,2011-12,14.8,17.0,0.0,0.0,0,5,5,19,2,6,1,1
543,2012-05-05,14:00,Harlequins,24,0,Sale,10,0,Edgeley Park,Martin Fox,34,A,14,Sat,May,2012,2011-12,22.6,18.8,0.0,0.0,3,10,5,2,2,13,1,0
534,2012-05-05,14:00,Leicester,28,0,Bath,3,0,Welford Road,Dean Richards,31,H,14,Sat,May,2012,2011-12,39.6,20.4,0.0,0.0,5,0,5,19,2,6,1,1
539,2012-05-05,14:00,Newcastle,14,0,Wasps,10,0,Adams Park,Wayne Barnes,24,A,14,Sat,May,2012,2011-12,14.4,15.2,0.0,0.0,8,12,5,0,2,20,1,0
536,2012-05-05,14:00,London Irish,52,0,Gloucester,18,0,Madejski Stadium,Dave Pearson,70,H,14,Sat,May,2012,2011-12,20.0,24.2,0.0,0.0,6,2,5,8,2,3,1,1
545,2012-05-05,14:00,Exeter,22,0,Saracens,40,0,Vicarage Road,Tim Wigglesworth,62,H,14,Sat,May,2012,2011-12,25.8,18.8,0.0,0.0,1,11,5,18,2,18,1,1
538,2012-05-05,14:00,Wasps,10,0,Newcastle,14,0,Adams Park,Wayne Barnes,24,A,14,Sat,May,2012,2011-12,17.6,23.8,0.0,0.0,12,8,5,0,2,20,1,0
540,2012-05-05,14:00,Northampton,42,0,Worcester,14,0,Franklin's Gardens,Greg Garner,56,H,14,Sat,May,2012,2011-12,21.8,17.8,0.0,0.0,9,13,5,3,2,8,1,1
546,2012-05-12,14:45,Harlequins,25,0,Northampton,23,0,Twickenham Stoop,Andrew Small (England),48,H,14,Sat,May,2012,2011-12,25.6,19.0,0.0,0.0,3,9,5,17,2,1,1,1
547,2012-05-12,14:45,Northampton,23,0,Harlequins,25,0,Twickenham Stoop,Andrew Small (England),48,H,14,Sat,May,2012,2011-12,27.8,17.0,0.0,0.0,9,3,5,17,2,1,1,1
549,2012-05-12,17:30,Saracens,15,0,Leicester,24,0,Welford Road,Dave Pearson (England),39,H,17,Sat,May,2012,2011-12,28.2,15.4,0.0,0.0,11,5,5,19,2,4,1,1
548,2012-05-12,17:30,Leicester,24,0,Saracens,15,0,Welford Road,Dave Pearson (England),39,H,17,Sat,May,2012,2011-12,38.0,20.4,0.0,0.0,5,11,5,19,2,4,1,1
550,2012-05-26,15:00,Harlequins,30,0,Leicester,23,0,Twickenham Stadium,Wayne Barnes,53,H,15,Sat,May,2012,2011-12,27.8,22.4,0.0,0.0,3,5,5,16,2,20,1,1
551,2012-05-26,15:00,Leicester,23,0,Harlequins,30,0,Twickenham Stadium,Wayne Barnes,53,H,15,Sat,May,2012,2011-12,34.6,17.0,0.0,0.0,5,3,5,16,2,20,1,1
559,2012-09-01,15:00,Bath,24,0,Worcester,23,0,Sixways,Unknown,47,A,15,Sat,Sep,2012,2012-13,8.2,19.2,0.0,0.0,0,13,8,13,2,19,2,0
554,2012-09-01,15:00,Exeter,43,0,Sale,6,0,Sandy Park,Unknown,49,H,15,Sat,Sep,2012,2012-13,22.8,24.4,0.0,0.0,1,10,8,12,2,19,2,1
560,2012-09-01,16:30,Saracens,40,0,London Irish,3,0,Twickenham Stadium,Unknown,43,H,16,Sat,Sep,2012,2012-13,22.2,18.4,0.0,0.0,11,6,8,16,2,19,2,1
561,2012-09-01,16:30,London Irish,3,0,Saracens,40,0,Twickenham Stadium,Unknown,43,H,16,Sat,Sep,2012,2012-13,27.8,24.2,0.0,0.0,6,11,8,16,2,19,2,1
556,2012-09-01,15:00,Gloucester,19,0,Northampton,24,0,Kingsholm,Unknown,43,A,15,Sat,Sep,2012,2012-13,21.6,31.8,0.0,0.0,2,9,8,6,2,19,2,0
553,2012-09-01,14:00,Harlequins,42,0,Wasps,40,0,Twickenham Stadium,Unknown,82,A,14,Sat,Sep,2012,2012-13,29.0,23.2,0.0,0.0,3,12,8,16,2,19,2,0
555,2012-09-01,15:00,Sale,6,0,Exeter,43,0,Sandy Park,Unknown,49,H,15,Sat,Sep,2012,2012-13,15.6,23.8,0.0,0.0,10,1,8,12,2,19,2,1
557,2012-09-01,15:00,Northampton,24,0,Gloucester,19,0,Kingsholm,Unknown,43,A,15,Sat,Sep,2012,2012-13,26.0,19.0,0.0,0.0,9,2,8,6,2,19,2,0
558,2012-09-01,15:00,Worcester,23,0,Bath,24,0,Sixways,Unknown,47,A,15,Sat,Sep,2012,2012-13,17.6,30.0,0.0,0.0,13,0,8,13,2,19,2,0
552,2012-09-01,14:00,Wasps,40,0,Harlequins,42,0,Twickenham Stadium,Unknown,82,A,14,Sat,Sep,2012,2012-13,16.0,24.0,0.0,0.0,12,3,8,16,2,19,2,0
563,2012-09-02,14:00,Leicester,38,0,London Welsh,13,0,Kassam Stadium,Unknown,51,A,14,Sun,Sep,2012,2012-13,30.6,20.4,0.0,0.0,5,7,8,5,3,19,2,0
564,2012-09-07,19:45,Harlequins,40,0,London Welsh,3,0,Twickenham Stoop,Unknown,43,H,19,Fri,Sep,2012,2012-13,30.8,27.8,0.0,0.0,3,7,8,17,0,19,2,1
566,2012-09-08,14:15,Bath,30,0,Wasps,23,0,The Recreation Ground,Unknown,53,H,14,Sat,Sep,2012,2012-13,11.8,21.0,0.0,0.0,0,12,8,15,2,19,2,1
573,2012-09-08,16:30,Saracens,23,0,Sale,16,0,Salford City Stadium,Unknown,39,A,16,Sat,Sep,2012,2012-13,26.4,14.2,0.0,0.0,11,10,8,11,2,19,2,0
571,2012-09-08,15:00,Gloucester,40,0,London Irish,31,0,Madejski Stadium,Unknown,71,A,15,Sat,Sep,2012,2012-13,20.0,31.0,0.0,0.0,2,6,8,8,2,19,2,0
572,2012-09-08,16:30,Sale,16,0,Saracens,23,0,Salford City Stadium,Unknown,39,A,16,Sat,Sep,2012,2012-13,15.0,23.4,0.0,0.0,10,11,8,11,2,19,2,0
568,2012-09-08,15:00,Leicester,34,0,Worcester,26,0,Welford Road,Unknown,60,H,15,Sat,Sep,2012,2012-13,31.2,18.8,0.0,0.0,5,13,8,19,2,19,2,1
567,2012-09-08,14:15,Wasps,23,0,Bath,30,0,The Recreation Ground,Unknown,53,H,14,Sat,Sep,2012,2012-13,21.0,26.0,0.0,0.0,12,0,8,15,2,19,2,1
570,2012-09-08,15:00,London Irish,31,0,Gloucester,40,0,Madejski Stadium,Unknown,71,A,15,Sat,Sep,2012,2012-13,22.0,24.0,0.0,0.0,6,2,8,8,2,19,2,0
569,2012-09-08,15:00,Worcester,26,0,Leicester,34,0,Welford Road,Unknown,60,H,15,Sat,Sep,2012,2012-13,18.4,33.0,0.0,0.0,13,5,8,19,2,19,2,1
574,2012-09-09,15:00,Northampton,24,0,Exeter,21,0,Franklin's Gardens,Unknown,45,H,15,Sun,Sep,2012,2012-13,25.6,21.6,0.0,0.0,9,1,8,3,3,19,2,1
575,2012-09-09,15:00,Exeter,21,0,Northampton,24,0,Franklin's Gardens,Unknown,45,H,15,Sun,Sep,2012,2012-13,25.8,20.2,0.0,0.0,1,9,8,3,3,19,2,1
576,2012-09-14,19:45,Bath,14,0,Northampton,18,0,The Recreation Ground,Unknown,32,A,19,Fri,Sep,2012,2012-13,16.6,20.4,0.0,0.0,0,9,8,15,0,19,2,0
577,2012-09-14,19:45,Northampton,18,0,Bath,14,0,The Recreation Ground,Unknown,32,A,19,Fri,Sep,2012,2012-13,26.2,18.8,0.0,0.0,9,0,8,15,0,19,2,0
585,2012-09-15,15:30,Leicester,9,0,Saracens,9,0,Wembley Stadium,Unknown,18,D,15,Sat,Sep,2012,2012-13,29.4,17.4,0.0,0.0,5,11,8,20,2,19,2,0
582,2012-09-15,15:00,Wasps,43,0,London Irish,14,0,Adams Park,Unknown,57,H,15,Sat,Sep,2012,2012-13,20.4,27.2,0.0,0.0,12,6,8,0,2,19,2,1
583,2012-09-15,15:00,London Irish,14,0,Wasps,43,0,Adams Park,Unknown,57,H,15,Sat,Sep,2012,2012-13,26.0,28.4,0.0,0.0,6,12,8,0,2,19,2,1
584,2012-09-15,15:30,Saracens,9,0,Leicester,9,0,Wembley Stadium,Unknown,18,D,15,Sat,Sep,2012,2012-13,25.4,13.6,0.0,0.0,11,5,8,20,2,19,2,0
578,2012-09-15,13:30,Worcester,16,0,Gloucester,16,0,Sixways,Unknown,32,D,13,Sat,Sep,2012,2012-13,21.0,31.2,0.0,0.0,13,2,8,13,2,19,2,0
581,2012-09-15,15:00,Sale,14,0,Harlequins,37,0,Twickenham Stoop,Unknown,51,H,15,Sat,Sep,2012,2012-13,14.4,23.6,0.0,0.0,10,3,8,17,2,19,2,1
580,2012-09-15,15:00,Harlequins,37,0,Sale,14,0,Twickenham Stoop,Unknown,51,H,15,Sat,Sep,2012,2012-13,32.2,19.8,0.0,0.0,3,10,8,17,2,19,2,1
579,2012-09-15,13:30,Gloucester,16,0,Worcester,16,0,Sixways,Unknown,32,D,13,Sat,Sep,2012,2012-13,23.2,32.0,0.0,0.0,2,13,8,13,2,19,2,0
587,2012-09-16,15:00,Exeter,24,0,London Welsh,25,0,Kassam Stadium,Unknown,49,H,15,Sun,Sep,2012,2012-13,26.4,22.8,0.0,0.0,1,7,8,5,3,19,2,1
588,2012-09-21,20:00,Sale,19,0,London Welsh,29,0,Salford City Stadium,Unknown,48,A,20,Fri,Sep,2012,2012-13,14.0,29.2,0.0,0.0,10,7,8,11,0,19,2,0
597,2012-09-22,17:30,Harlequins,22,0,Leicester,9,0,Welford Road,Unknown,31,A,17,Sat,Sep,2012,2012-13,34.8,20.6,0.0,0.0,3,5,8,19,2,19,2,0
593,2012-09-22,15:00,Worcester,31,0,Northampton,37,0,Franklin's Gardens,Unknown,68,H,15,Sat,Sep,2012,2012-13,19.0,28.2,0.0,0.0,13,9,8,3,2,19,2,1
592,2012-09-22,15:00,Northampton,37,0,Worcester,31,0,Franklin's Gardens,Unknown,68,H,15,Sat,Sep,2012,2012-13,26.2,18.6,0.0,0.0,9,13,8,3,2,19,2,1
595,2012-09-22,15:15,Wasps,22,0,Gloucester,29,0,Kingsholm,Unknown,51,H,15,Sat,Sep,2012,2012-13,25.6,23.4,0.0,0.0,12,2,8,6,2,19,2,1
591,2012-09-22,15:00,Bath,22,0,London Irish,29,0,Madejski Stadium,Unknown,51,H,15,Sat,Sep,2012,2012-13,17.6,20.8,0.0,0.0,0,6,8,8,2,19,2,1
590,2012-09-22,15:00,London Irish,29,0,Bath,22,0,Madejski Stadium,Unknown,51,H,15,Sat,Sep,2012,2012-13,25.0,31.4,0.0,0.0,6,0,8,8,2,19,2,1
594,2012-09-22,15:15,Gloucester,29,0,Wasps,22,0,Kingsholm,Unknown,51,H,15,Sat,Sep,2012,2012-13,22.4,29.4,0.0,0.0,2,12,8,6,2,19,2,1
596,2012-09-22,17:30,Leicester,9,0,Harlequins,22,0,Welford Road,Unknown,31,A,17,Sat,Sep,2012,2012-13,25.6,18.6,0.0,0.0,5,3,8,19,2,19,2,0
599,2012-09-23,14:15,Saracens,12,0,Exeter,14,0,Sandy Park,Unknown,26,H,14,Sun,Sep,2012,2012-13,25.4,14.8,0.0,0.0,11,1,8,12,3,19,2,1
598,2012-09-23,14:15,Exeter,14,0,Saracens,12,0,Sandy Park,Unknown,26,H,14,Sun,Sep,2012,2012-13,25.0,22.6,0.0,0.0,1,11,8,12,3,19,2,1
602,2012-09-28,20:00,Worcester,35,0,London Irish,11,0,Sixways,Unknown,46,H,20,Fri,Sep,2012,2012-13,22.0,30.6,0.0,0.0,13,6,8,13,0,19,2,1
603,2012-09-28,20:00,London Irish,11,0,Worcester,35,0,Sixways,Unknown,46,H,20,Fri,Sep,2012,2012-13,25.8,32.6,0.0,0.0,6,13,8,13,0,19,2,1
600,2012-09-28,19:45,Northampton,24,0,Wasps,6,0,Franklin's Gardens,Unknown,30,H,19,Fri,Sep,2012,2012-13,25.2,22.0,0.0,0.0,9,12,8,3,0,19,2,1
601,2012-09-28,19:45,Wasps,6,0,Northampton,24,0,Franklin's Gardens,Unknown,30,H,19,Fri,Sep,2012,2012-13,27.6,25.8,0.0,0.0,12,9,8,3,0,19,2,1
606,2012-09-29,14:15,Leicester,30,0,Exeter,8,0,Welford Road,Unknown,38,H,14,Sat,Sep,2012,2012-13,22.6,20.0,0.0,0.0,5,1,8,19,2,19,2,1
604,2012-09-29,14:15,Bath,31,0,Sale,10,0,The Recreation Ground,Unknown,41,H,14,Sat,Sep,2012,2012-13,18.6,24.2,0.0,0.0,0,10,8,15,2,19,2,1
607,2012-09-29,14:15,Exeter,8,0,Leicester,30,0,Welford Road,Unknown,38,H,14,Sat,Sep,2012,2012-13,24.8,21.4,0.0,0.0,1,5,8,19,2,19,2,1
605,2012-09-29,14:15,Sale,10,0,Bath,31,0,The Recreation Ground,Unknown,41,H,14,Sat,Sep,2012,2012-13,13.0,31.2,0.0,0.0,10,0,8,15,2,19,2,1
609,2012-09-30,14:00,Saracens,18,0,Harlequins,16,0,Twickenham Stoop,Unknown,34,A,14,Sun,Sep,2012,2012-13,19.8,13.2,0.0,0.0,11,3,8,17,3,19,2,0
608,2012-09-30,14:00,Harlequins,16,0,Saracens,18,0,Twickenham Stoop,Unknown,34,A,14,Sun,Sep,2012,2012-13,34.2,17.8,0.0,0.0,3,11,8,17,3,19,2,0
611,2012-09-30,15:00,Gloucester,31,0,London Welsh,25,0,Kassam Stadium,Unknown,56,A,15,Sun,Sep,2012,2012-13,24.4,29.0,0.0,0.0,2,7,8,5,3,19,2,0
612,2012-10-05,20:00,Sale,8,0,Leicester,20,0,Salford City Stadium,Unknown,28,A,20,Fri,Oct,2012,2012-13,13.0,32.6,0.0,0.0,10,5,7,11,0,19,2,0
613,2012-10-05,20:00,Leicester,20,0,Sale,8,0,Salford City Stadium,Unknown,28,A,20,Fri,Oct,2012,2012-13,24.0,15.6,0.0,0.0,5,10,7,11,0,19,2,0
616,2012-10-06,15:00,Exeter,42,0,Harlequins,28,0,Sandy Park,Unknown,70,H,15,Sat,Oct,2012,2012-13,22.0,19.4,0.0,0.0,1,3,7,12,2,19,2,1
614,2012-10-06,14:15,Gloucester,16,0,Bath,10,0,Kingsholm,Unknown,26,H,14,Sat,Oct,2012,2012-13,27.0,23.6,0.0,0.0,2,0,7,6,2,19,2,1
617,2012-10-06,15:00,Harlequins,28,0,Exeter,42,0,Sandy Park,Unknown,70,H,15,Sat,Oct,2012,2012-13,31.4,16.8,0.0,0.0,3,1,7,12,2,19,2,1
615,2012-10-06,14:15,Bath,10,0,Gloucester,16,0,Kingsholm,Unknown,26,H,14,Sat,Oct,2012,2012-13,24.2,20.6,0.0,0.0,0,2,7,6,2,19,2,1
619,2012-10-06,15:00,Northampton,17,0,London Irish,39,0,Madejski Stadium,Unknown,56,H,15,Sat,Oct,2012,2012-13,25.4,18.2,0.0,0.0,9,6,7,8,2,19,2,1
618,2012-10-06,15:00,London Irish,39,0,Northampton,17,0,Madejski Stadium,Unknown,56,H,15,Sat,Oct,2012,2012-13,17.6,36.0,0.0,0.0,6,9,7,8,2,19,2,1
622,2012-10-07,15:00,Wasps,10,0,Worcester,6,0,Adams Park,Unknown,16,H,15,Sun,Oct,2012,2012-13,26.8,27.8,0.0,0.0,12,13,7,0,3,19,2,1
623,2012-10-07,15:00,Worcester,6,0,Wasps,10,0,Adams Park,Unknown,16,H,15,Sun,Oct,2012,2012-13,26.2,24.4,0.0,0.0,13,12,7,0,3,19,2,1
621,2012-10-07,14:15,Saracens,28,0,London Welsh,23,0,Kassam Stadium,Unknown,51,A,14,Sun,Oct,2012,2012-13,20.4,11.6,0.0,0.0,11,7,7,5,3,19,2,0
624,2012-10-26,20:00,Worcester,23,0,Sale,16,0,Sixways,Unknown,39,H,20,Fri,Oct,2012,2012-13,22.8,21.6,0.0,0.0,13,10,7,13,0,19,2,1
625,2012-10-26,20:00,Sale,16,0,Worcester,23,0,Sixways,Unknown,39,H,20,Fri,Oct,2012,2012-13,13.4,28.0,0.0,0.0,10,13,7,13,0,19,2,1
626,2012-10-27,14:30,Bath,23,0,Exeter,15,0,The Recreation Ground,Unknown,38,H,14,Sat,Oct,2012,2012-13,21.4,19.2,0.0,0.0,0,1,7,15,2,19,2,1
627,2012-10-27,14:30,Exeter,15,0,Bath,23,0,The Recreation Ground,Unknown,38,H,14,Sat,Oct,2012,2012-13,21.8,23.8,0.0,0.0,1,0,7,15,2,19,2,1
628,2012-10-27,15:00,Northampton,6,0,Saracens,16,0,Franklin's Gardens,Unknown,22,A,15,Sat,Oct,2012,2012-13,24.0,22.2,0.0,0.0,9,11,7,3,2,19,2,0
629,2012-10-27,15:00,Saracens,16,0,Northampton,6,0,Franklin's Gardens,Unknown,22,A,15,Sat,Oct,2012,2012-13,18.0,15.6,0.0,0.0,11,9,7,3,2,19,2,0
631,2012-10-27,16:45,Leicester,21,0,Gloucester,27,0,Kingsholm,Unknown,48,H,16,Sat,Oct,2012,2012-13,20.4,14.6,0.0,0.0,5,2,7,6,2,19,2,1
630,2012-10-27,16:45,Gloucester,27,0,Leicester,21,0,Kingsholm,Unknown,48,H,16,Sat,Oct,2012,2012-13,26.4,20.8,0.0,0.0,2,5,7,6,2,19,2,1
632,2012-10-28,14:15,London Irish,28,0,Harlequins,31,0,Madejski Stadium,Unknown,59,A,14,Sun,Oct,2012,2012-13,24.8,31.4,0.0,0.0,6,3,7,8,3,19,2,0
633,2012-10-28,14:15,Harlequins,31,0,London Irish,28,0,Madejski Stadium,Unknown,59,A,14,Sun,Oct,2012,2012-13,28.6,17.2,0.0,0.0,3,6,7,8,3,19,2,0
634,2012-10-28,15:00,Wasps,29,0,London Welsh,19,0,Adams Park,Unknown,48,H,15,Sun,Oct,2012,2012-13,20.8,20.6,0.0,0.0,12,7,7,0,3,19,2,1
636,2012-11-02,20:00,Sale,21,0,London Irish,9,0,Salford City Stadium,Unknown,30,H,20,Fri,Nov,2012,2012-13,13.4,28.0,0.0,0.0,10,6,6,11,0,19,2,1
637,2012-11-02,20:00,London Irish,9,0,Sale,21,0,Salford City Stadium,Unknown,30,H,20,Fri,Nov,2012,2012-13,24.2,29.6,0.0,0.0,6,10,6,11,0,19,2,1
641,2012-11-03,15:00,Worcester,9,0,Exeter,33,0,Sandy Park,Unknown,42,H,15,Sat,Nov,2012,2012-13,22.2,18.0,0.0,0.0,13,1,6,12,2,19,2,1
640,2012-11-03,15:00,Exeter,33,0,Worcester,9,0,Sandy Park,Unknown,42,H,15,Sat,Nov,2012,2012-13,20.6,23.6,0.0,0.0,1,13,6,12,2,19,2,1
639,2012-11-03,14:15,Northampton,12,0,Leicester,16,0,Welford Road,Unknown,28,H,14,Sat,Nov,2012,2012-13,20.4,21.2,0.0,0.0,9,5,6,19,2,19,2,1
643,2012-11-03,17:15,Gloucester,25,0,Harlequins,28,0,Twickenham Stoop,Unknown,53,H,17,Sat,Nov,2012,2012-13,23.8,18.8,0.0,0.0,2,3,6,17,2,19,2,1
638,2012-11-03,14:15,Leicester,16,0,Northampton,12,0,Welford Road,Unknown,28,H,14,Sat,Nov,2012,2012-13,17.8,14.8,0.0,0.0,5,9,6,19,2,19,2,1
642,2012-11-03,17:15,Harlequins,28,0,Gloucester,25,0,Twickenham Stoop,Unknown,53,H,17,Sat,Nov,2012,2012-13,26.8,22.2,0.0,0.0,3,2,6,17,2,19,2,1
645,2012-11-04,14:15,Wasps,24,0,Saracens,29,0,Vicarage Road,Unknown,53,H,14,Sun,Nov,2012,2012-13,22.0,18.4,0.0,0.0,12,11,6,18,3,19,2,1
647,2012-11-04,15:00,Bath,9,0,London Welsh,16,0,Kassam Stadium,Unknown,25,H,15,Sun,Nov,2012,2012-13,20.0,17.6,0.0,0.0,0,7,6,5,3,19,2,1
644,2012-11-04,14:15,Saracens,29,0,Wasps,24,0,Vicarage Road,Unknown,53,H,14,Sun,Nov,2012,2012-13,16.6,13.6,0.0,0.0,11,12,6,18,3,19,2,1
648,2012-11-23,19:45,Bath,21,0,Harlequins,18,0,The Recreation Ground,Unknown,39,H,19,Fri,Nov,2012,2012-13,19.0,17.2,0.0,0.0,0,3,6,15,0,19,2,1
651,2012-11-23,20:00,Saracens,3,0,Worcester,12,0,Sixways,Unknown,15,H,20,Fri,Nov,2012,2012-13,20.6,16.6,0.0,0.0,11,13,6,13,0,19,2,1
650,2012-11-23,20:00,Worcester,12,0,Saracens,3,0,Sixways,Unknown,15,H,20,Fri,Nov,2012,2012-13,20.8,21.4,0.0,0.0,13,11,6,13,0,19,2,1
649,2012-11-23,19:45,Harlequins,18,0,Bath,21,0,The Recreation Ground,Unknown,39,H,19,Fri,Nov,2012,2012-13,25.0,24.4,0.0,0.0,3,0,6,15,0,19,2,1
652,2012-11-24,12:00,Gloucester,29,0,Sale,3,0,Kingsholm,Unknown,32,H,12,Sat,Nov,2012,2012-13,25.6,21.2,0.0,0.0,2,10,6,6,2,19,2,1
653,2012-11-24,12:00,Sale,3,0,Gloucester,29,0,Kingsholm,Unknown,32,H,12,Sat,Nov,2012,2012-13,14.8,22.4,0.0,0.0,10,2,6,6,2,19,2,1
654,2012-11-24,13:00,Northampton,23,0,London Welsh,16,0,Franklin's Gardens,Unknown,39,H,13,Sat,Nov,2012,2012-13,19.2,21.6,0.0,0.0,9,7,6,3,2,19,2,1
658,2012-11-25,15:00,London Irish,23,0,Exeter,27,0,Madejski Stadium,Unknown,50,A,15,Sun,Nov,2012,2012-13,23.2,25.2,0.0,0.0,6,1,6,8,3,19,2,0
656,2012-11-25,14:30,Wasps,14,0,Leicester,12,0,Adams Park,Unknown,26,H,14,Sun,Nov,2012,2012-13,18.2,21.4,0.0,0.0,12,5,6,0,3,19,2,1
659,2012-11-25,15:00,Exeter,27,0,London Irish,23,0,Madejski Stadium,Unknown,50,A,15,Sun,Nov,2012,2012-13,22.4,20.4,0.0,0.0,1,6,6,8,3,19,2,0
657,2012-11-25,14:30,Leicester,12,0,Wasps,14,0,Adams Park,Unknown,26,H,14,Sun,Nov,2012,2012-13,19.2,15.4,0.0,0.0,5,12,6,0,3,19,2,1
663,2012-11-30,20:00,Northampton,27,0,Sale,16,0,Salford City Stadium,Unknown,43,A,20,Fri,Nov,2012,2012-13,16.4,18.6,0.0,0.0,9,10,6,11,0,19,2,0
660,2012-11-30,19:45,Harlequins,22,0,Worcester,19,0,Twickenham Stoop,Unknown,41,H,19,Fri,Nov,2012,2012-13,24.2,26.8,0.0,0.0,3,13,6,17,0,19,2,1
662,2012-11-30,20:00,Sale,16,0,Northampton,27,0,Salford City Stadium,Unknown,43,A,20,Fri,Nov,2012,2012-13,11.6,22.4,0.0,0.0,10,9,6,11,0,19,2,0
661,2012-11-30,19:45,Worcester,19,0,Harlequins,22,0,Twickenham Stoop,Unknown,41,H,19,Fri,Nov,2012,2012-13,17.0,14.6,0.0,0.0,13,3,6,17,0,19,2,1
669,2012-12-01,17:30,Wasps,23,0,Exeter,30,0,Sandy Park,Unknown,53,H,17,Sat,Dec,2012,2012-13,16.6,18.0,0.0,0.0,12,1,1,12,2,19,2,1
667,2012-12-01,13:00,London Irish,9,0,London Welsh,15,0,Kassam Stadium,Unknown,24,H,13,Sat,Dec,2012,2012-13,22.0,26.2,0.0,0.0,6,7,1,5,2,19,2,1
665,2012-12-01,12:30,Bath,12,0,Leicester,17,0,Welford Road,Unknown,29,H,12,Sat,Dec,2012,2012-13,18.8,15.0,0.0,0.0,0,5,1,19,2,19,2,1
668,2012-12-01,17:30,Exeter,30,0,Wasps,23,0,Sandy Park,Unknown,53,H,17,Sat,Dec,2012,2012-13,25.0,22.6,0.0,0.0,1,12,1,12,2,19,2,1
664,2012-12-01,12:30,Leicester,17,0,Bath,12,0,Welford Road,Unknown,29,H,12,Sat,Dec,2012,2012-13,19.8,13.8,0.0,0.0,5,0,1,19,2,19,2,1
671,2012-12-02,15:00,Gloucester,23,0,Saracens,28,0,Vicarage Road,Unknown,51,H,15,Sun,Dec,2012,2012-13,25.6,17.4,0.0,0.0,2,11,1,18,3,19,2,1
670,2012-12-02,15:00,Saracens,28,0,Gloucester,23,0,Vicarage Road,Unknown,51,H,15,Sun,Dec,2012,2012-13,18.8,16.2,0.0,0.0,11,2,1,18,3,19,2,1
672,2012-12-21,20:00,Worcester,13,0,London Welsh,6,0,Sixways,Unknown,19,H,20,Fri,Dec,2012,2012-13,13.8,16.8,0.0,0.0,13,7,1,13,0,19,2,1
673,2012-12-21,20:00,London Welsh,6,0,Worcester,13,0,Sixways,Unknown,19,H,20,Fri,Dec,2012,2012-13,17.8,19.6,0.0,0.0,7,13,1,13,0,19,2,1
677,2012-12-22,15:00,Exeter,16,0,Gloucester,18,0,Kingsholm,Unknown,34,H,15,Sat,Dec,2012,2012-13,29.4,21.2,0.0,0.0,1,2,1,6,2,19,2,1
678,2012-12-22,15:00,London Irish,9,0,Leicester,31,0,Madejski Stadium,Unknown,40,A,15,Sat,Dec,2012,2012-13,21.6,22.2,0.0,0.0,6,5,1,8,2,19,2,0
679,2012-12-22,15:00,Leicester,31,0,London Irish,9,0,Madejski Stadium,Unknown,40,A,15,Sat,Dec,2012,2012-13,17.2,14.6,0.0,0.0,5,6,1,8,2,19,2,0
676,2012-12-22,15:00,Gloucester,18,0,Exeter,16,0,Kingsholm,Unknown,34,H,15,Sat,Dec,2012,2012-13,24.0,18.0,0.0,0.0,2,1,1,6,2,19,2,1
675,2012-12-22,14:15,Saracens,22,0,Bath,0,0,The Recreation Ground,Unknown,22,A,14,Sat,Dec,2012,2012-13,20.8,17.6,0.0,0.0,11,0,1,15,2,19,2,0
674,2012-12-22,14:15,Bath,0,0,Saracens,22,0,The Recreation Ground,Unknown,22,A,14,Sat,Dec,2012,2012-13,15.0,16.4,0.0,0.0,0,11,1,15,2,19,2,0
680,2012-12-22,15:00,Northampton,9,0,Harlequins,18,0,Franklin's Gardens,Unknown,27,A,15,Sat,Dec,2012,2012-13,17.0,20.6,0.0,0.0,9,3,1,3,2,19,2,0
681,2012-12-22,15:00,Harlequins,18,0,Northampton,9,0,Franklin's Gardens,Unknown,27,A,15,Sat,Dec,2012,2012-13,25.4,27.0,0.0,0.0,3,9,1,3,2,19,2,0
683,2012-12-23,15:00,Sale,18,0,Wasps,25,0,Adams Park,Unknown,43,H,15,Sun,Dec,2012,2012-13,12.8,21.6,0.0,0.0,10,12,1,0,3,19,2,1
682,2012-12-23,15:00,Wasps,25,0,Sale,18,0,Adams Park,Unknown,43,H,15,Sun,Dec,2012,2012-13,20.0,19.2,0.0,0.0,12,10,1,0,3,19,2,1
685,2012-12-28,20:00,Worcester,27,0,Sale,33,0,Salford City Stadium,Unknown,60,H,20,Fri,Dec,2012,2012-13,15.2,16.0,0.0,0.0,13,10,1,11,0,19,2,1
684,2012-12-28,20:00,Sale,33,0,Worcester,27,0,Salford City Stadium,Unknown,60,H,20,Fri,Dec,2012,2012-13,14.8,22.6,0.0,0.0,10,13,1,11,0,19,2,1
690,2012-12-29,15:00,London Welsh,15,0,Wasps,34,0,Kassam Stadium,Unknown,49,A,15,Sat,Dec,2012,2012-13,14.4,16.6,0.0,0.0,7,12,1,5,2,19,2,0
687,2012-12-29,14:15,London Irish,15,0,Harlequins,26,0,Twickenham Stadium,Unknown,41,H,14,Sat,Dec,2012,2012-13,15.6,25.0,0.0,0.0,6,3,1,16,2,19,2,1
693,2012-12-29,17:00,Gloucester,12,0,Leicester,17,0,Welford Road,Unknown,29,H,17,Sat,Dec,2012,2012-13,24.4,19.2,0.0,0.0,2,5,1,19,2,19,2,1
691,2012-12-29,15:00,Wasps,34,0,London Welsh,15,0,Kassam Stadium,Unknown,49,A,15,Sat,Dec,2012,2012-13,23.0,21.6,0.0,0.0,12,7,1,5,2,19,2,0
692,2012-12-29,17:00,Leicester,17,0,Gloucester,12,0,Welford Road,Unknown,29,H,17,Sat,Dec,2012,2012-13,19.4,14.8,0.0,0.0,5,2,1,19,2,19,2,1
686,2012-12-29,14:15,Harlequins,26,0,London Irish,15,0,Twickenham Stadium,Unknown,41,H,14,Sat,Dec,2012,2012-13,23.4,20.4,0.0,0.0,3,6,1,16,2,19,2,1
689,2012-12-29,15:00,Bath,12,0,Exeter,12,0,Sandy Park,Unknown,24,D,15,Sat,Dec,2012,2012-13,13.0,17.6,0.0,0.0,0,1,1,12,2,19,2,0
688,2012-12-29,15:00,Exeter,12,0,Bath,12,0,Sandy Park,Unknown,24,D,15,Sat,Dec,2012,2012-13,24.2,19.2,0.0,0.0,1,0,1,12,2,19,2,0
695,2012-12-30,14:15,Northampton,16,0,Saracens,17,0,Stadium mk,Unknown,33,H,14,Sun,Dec,2012,2012-13,15.4,16.4,0.0,0.0,9,11,1,14,3,19,2,1
694,2012-12-30,14:15,Saracens,17,0,Northampton,16,0,Stadium mk,Unknown,33,H,14,Sun,Dec,2012,2012-13,19.6,13.0,0.0,0.0,11,9,1,14,3,19,2,1
697,2013-01-04,20:00,Leicester,19,0,Worcester,14,0,Sixways,JP Doyle,33,A,20,Fri,Jan,2013,2012-13,18.6,11.8,0.0,0.0,5,13,3,13,0,9,2,0
696,2013-01-04,20:00,Worcester,14,0,Leicester,19,0,Sixways,JP Doyle,33,A,20,Fri,Jan,2013,2012-13,16.0,19.4,0.0,0.0,13,5,3,13,0,9,2,0
700,2013-01-05,15:00,Gloucester,12,0,London Irish,18,0,Kingsholm,David Rose,30,A,15,Sat,Jan,2013,2012-13,21.4,18.4,0.0,0.0,2,6,3,6,2,5,2,0
698,2013-01-05,15:00,Exeter,19,0,Northampton,30,0,Sandy Park,Greg Garner,49,A,15,Sat,Jan,2013,2012-13,23.6,17.0,0.0,0.0,1,9,3,12,2,8,2,0
701,2013-01-05,15:00,London Irish,18,0,Gloucester,12,0,Kingsholm,David Rose,30,A,15,Sat,Jan,2013,2012-13,13.0,24.0,0.0,0.0,6,2,3,6,2,5,2,0
699,2013-01-05,15:00,Northampton,30,0,Exeter,19,0,Sandy Park,Greg Garner,49,A,15,Sat,Jan,2013,2012-13,17.4,16.6,0.0,0.0,9,1,3,12,2,8,2,0
707,2013-01-06,15:00,Sale,12,0,Saracens,32,0,Vicarage Road,Tim Wigglesworth,44,H,15,Sun,Jan,2013,2012-13,18.2,23.4,0.0,0.0,10,11,3,18,3,18,2,1
703,2013-01-06,15:00,Bath,15,0,Wasps,29,0,Adams Park,Andrew Small,44,H,15,Sun,Jan,2013,2012-13,10.8,17.0,0.0,0.0,0,12,3,0,3,0,2,1
702,2013-01-06,15:00,Wasps,29,0,Bath,15,0,Adams Park,Andrew Small,44,H,15,Sun,Jan,2013,2012-13,24.0,20.8,0.0,0.0,12,0,3,0,3,0,2,1
706,2013-01-06,15:00,Saracens,32,0,Sale,12,0,Vicarage Road,Tim Wigglesworth,44,H,15,Sun,Jan,2013,2012-13,19.8,15.0,0.0,0.0,11,10,3,18,3,18,2,1
704,2013-01-06,15:00,London Welsh,26,0,Harlequins,31,0,Kassam Stadium,Llyr Apgeraint-Roberts,57,A,15,Sun,Jan,2013,2012-13,13.6,17.6,0.0,0.0,7,3,3,5,3,11,2,0
705,2013-01-06,15:00,Harlequins,31,0,London Welsh,26,0,Kassam Stadium,Llyr Apgeraint-Roberts,57,A,15,Sun,Jan,2013,2012-13,22.4,17.8,0.0,0.0,3,7,3,5,3,11,2,0
708,2013-02-08,20:00,Sale,21,0,Exeter,16,0,Salford City Stadium,Greg Garner,37,H,20,Fri,Feb,2013,2012-13,16.4,28.0,0.0,0.0,10,1,2,11,0,8,2,1
709,2013-02-08,20:00,Exeter,16,0,Sale,21,0,Salford City Stadium,Greg Garner,37,H,20,Fri,Feb,2013,2012-13,20.8,21.2,0.0,0.0,1,10,2,11,0,8,2,1
717,2013-02-09,15:00,Saracens,16,0,London Irish,29,0,Madejski Stadium,Andrew Small,45,H,15,Sat,Feb,2013,2012-13,20.4,12.6,0.0,0.0,11,6,2,8,2,0,2,1
711,2013-02-09,12:30,Gloucester,27,0,Northampton,11,0,Franklin's Gardens,Martin Fox,38,A,12,Sat,Feb,2013,2012-13,18.8,16.4,0.0,0.0,2,9,2,3,2,13,2,0
714,2013-02-09,15:00,Leicester,28,0,London Welsh,12,0,Welford Road,Tim Wigglesworth,40,H,15,Sat,Feb,2013,2012-13,19.2,12.2,0.0,0.0,5,7,2,19,2,18,2,1
710,2013-02-09,12:30,Northampton,11,0,Gloucester,27,0,Franklin's Gardens,Martin Fox,38,A,12,Sat,Feb,2013,2012-13,21.0,17.2,0.0,0.0,9,2,2,3,2,13,2,0
719,2013-02-09,20:00,Wasps,17,0,Harlequins,16,0,Twickenham Stoop,JP Doyle,33,A,20,Sat,Feb,2013,2012-13,25.0,18.0,0.0,0.0,12,3,2,17,2,9,2,0
718,2013-02-09,20:00,Harlequins,16,0,Wasps,17,0,Twickenham Stoop,JP Doyle,33,A,20,Sat,Feb,2013,2012-13,23.0,18.0,0.0,0.0,3,12,2,17,2,9,2,0
713,2013-02-09,14:15,Worcester,9,0,Bath,32,0,The Recreation Ground,Wayne Barnes,41,H,14,Sat,Feb,2013,2012-13,17.0,16.6,0.0,0.0,13,0,2,15,2,20,2,1
716,2013-02-09,15:00,London Irish,29,0,Saracens,16,0,Madejski Stadium,Andrew Small,45,H,15,Sat,Feb,2013,2012-13,14.8,22.2,0.0,0.0,6,11,2,8,2,0,2,1
715,2013-02-09,15:00,London Welsh,12,0,Leicester,28,0,Welford Road,Tim Wigglesworth,40,H,15,Sat,Feb,2013,2012-13,15.6,22.0,0.0,0.0,7,5,2,19,2,18,2,1
712,2013-02-09,14:15,Bath,32,0,Worcester,9,0,The Recreation Ground,Wayne Barnes,41,H,14,Sat,Feb,2013,2012-13,12.0,19.6,0.0,0.0,0,13,2,15,2,20,2,1
726,2013-02-16,17:15,Harlequins,25,0,Leicester,21,0,Twickenham Stoop,Wayne Barnes,46,H,17,Sat,Feb,2013,2012-13,22.6,17.2,0.0,0.0,3,5,2,17,2,20,2,1
727,2013-02-16,17:15,Leicester,21,0,Harlequins,25,0,Twickenham Stoop,Wayne Barnes,46,H,17,Sat,Feb,2013,2012-13,22.4,11.8,0.0,0.0,5,3,2,17,2,20,2,1
721,2013-02-16,14:15,London Irish,16,0,Bath,40,0,The Recreation Ground,David Rose,56,H,14,Sat,Feb,2013,2012-13,16.0,20.0,0.0,0.0,6,0,2,15,2,5,2,1
722,2013-02-16,15:00,Saracens,31,0,Exeter,11,0,Allianz Park,Martin Fox,42,H,15,Sat,Feb,2013,2012-13,23.0,16.0,0.0,0.0,11,1,2,1,2,13,2,1
720,2013-02-16,14:15,Bath,40,0,London Irish,16,0,The Recreation Ground,David Rose,56,H,14,Sat,Feb,2013,2012-13,14.2,17.8,0.0,0.0,0,6,2,15,2,5,2,1
723,2013-02-16,15:00,Exeter,11,0,Saracens,31,0,Allianz Park,Martin Fox,42,H,15,Sat,Feb,2013,2012-13,18.6,20.8,0.0,0.0,1,11,2,1,2,13,2,1
725,2013-02-16,15:00,Northampton,27,0,Worcester,18,0,Sixways,Greg Garner,45,A,15,Sat,Feb,2013,2012-13,18.6,19.4,0.0,0.0,9,13,2,13,2,8,2,0
724,2013-02-16,15:00,Worcester,18,0,Northampton,27,0,Sixways,Greg Garner,45,A,15,Sat,Feb,2013,2012-13,16.4,22.4,0.0,0.0,13,9,2,13,2,8,2,0
728,2013-02-17,13:00,Wasps,33,0,Gloucester,29,0,Adams Park,Andrew Small,62,H,13,Sun,Feb,2013,2012-13,25.6,18.8,0.0,0.0,12,2,2,0,3,0,2,1
730,2013-02-17,15:00,London Welsh,25,0,Sale,26,0,Kassam Stadium,JP Doyle,51,A,15,Sun,Feb,2013,2012-13,14.8,23.0,0.0,0.0,7,10,2,5,3,9,2,0
731,2013-02-17,15:00,Sale,26,0,London Welsh,25,0,Kassam Stadium,JP Doyle,51,A,15,Sun,Feb,2013,2012-13,20.0,25.4,0.0,0.0,10,7,2,5,3,9,2,0
729,2013-02-17,13:00,Gloucester,29,0,Wasps,33,0,Adams Park,Andrew Small,62,H,13,Sun,Feb,2013,2012-13,18.4,18.0,0.0,0.0,2,12,2,0,3,0,2,1
734,2013-02-22,20:00,Sale,21,0,Harlequins,30,0,Salford City Stadium,Martin Fox,51,A,20,Fri,Feb,2013,2012-13,22.0,25.0,0.0,0.0,10,3,2,11,0,13,2,0
735,2013-02-22,20:00,Harlequins,30,0,Sale,21,0,Salford City Stadium,Martin Fox,51,A,20,Fri,Feb,2013,2012-13,23.2,17.6,0.0,0.0,3,10,2,11,0,13,2,0
733,2013-02-22,19:45,Worcester,23,0,Gloucester,29,0,Kingsholm,David Rose,52,H,19,Fri,Feb,2013,2012-13,16.2,23.4,0.0,0.0,13,2,2,6,0,5,2,1
732,2013-02-22,19:45,Gloucester,29,0,Worcester,23,0,Kingsholm,David Rose,52,H,19,Fri,Feb,2013,2012-13,19.6,19.0,0.0,0.0,2,13,2,6,0,5,2,1
741,2013-02-23,20:00,Saracens,32,0,Leicester,27,0,Welford Road,JP Doyle,59,A,20,Sat,Feb,2013,2012-13,23.6,13.6,0.0,0.0,11,5,2,19,2,9,2,0
738,2013-02-23,15:00,Northampton,25,0,Bath,23,0,Franklin's Gardens,Luke Pearce,48,H,15,Sat,Feb,2013,2012-13,18.6,19.8,0.0,0.0,9,0,2,3,2,12,2,1
737,2013-02-23,15:00,London Welsh,16,0,Exeter,47,0,Sandy Park,Andrew Small,63,H,15,Sat,Feb,2013,2012-13,16.8,26.4,0.0,0.0,7,1,2,12,2,0,2,1
736,2013-02-23,15:00,Exeter,47,0,London Welsh,16,0,Sandy Park,Andrew Small,63,H,15,Sat,Feb,2013,2012-13,14.8,22.4,0.0,0.0,1,7,2,12,2,0,2,1
740,2013-02-23,20:00,Leicester,27,0,Saracens,32,0,Welford Road,JP Doyle,59,A,20,Sat,Feb,2013,2012-13,23.2,14.4,0.0,0.0,5,11,2,19,2,9,2,0
739,2013-02-23,15:00,Bath,23,0,Northampton,25,0,Franklin's Gardens,Luke Pearce,48,H,15,Sat,Feb,2013,2012-13,19.8,17.6,0.0,0.0,0,9,2,3,2,12,2,1
742,2013-02-24,15:00,London Irish,30,0,Wasps,19,0,Madejski Stadium,Tim Wigglesworth,49,H,15,Sun,Feb,2013,2012-13,17.4,25.0,0.0,0.0,6,12,2,8,3,18,2,1
743,2013-02-24,15:00,Wasps,19,0,London Irish,30,0,Madejski Stadium,Tim Wigglesworth,49,H,15,Sun,Feb,2013,2012-13,27.6,18.6,0.0,0.0,12,6,2,8,3,18,2,1
746,2013-03-01,20:00,Worcester,29,0,Wasps,23,0,Sixways,Greg Garner,52,H,20,Fri,Mar,2013,2012-13,18.2,28.0,0.0,0.0,13,12,4,13,0,8,2,1
747,2013-03-01,20:00,Wasps,23,0,Worcester,29,0,Sixways,Greg Garner,52,H,20,Fri,Mar,2013,2012-13,26.4,21.0,0.0,0.0,12,13,4,13,0,8,2,1
745,2013-03-01,20:00,Gloucester,25,0,Bath,31,0,The Recreation Ground,Tim Wigglesworth,56,H,20,Fri,Mar,2013,2012-13,21.8,20.4,0.0,0.0,2,0,4,15,0,18,2,1
744,2013-03-01,20:00,Bath,31,0,Gloucester,25,0,The Recreation Ground,Tim Wigglesworth,56,H,20,Fri,Mar,2013,2012-13,24.4,18.2,0.0,0.0,0,2,4,15,0,18,2,1
751,2013-03-02,15:00,London Irish,14,0,Northampton,40,0,Franklin's Gardens,JP Doyle,54,H,15,Sat,Mar,2013,2012-13,21.6,22.6,0.0,0.0,6,9,4,3,2,9,2,1
753,2013-03-02,15:15,Exeter,27,0,Harlequins,16,0,Twickenham Stoop,David Rose,43,A,15,Sat,Mar,2013,2012-13,21.0,22.0,0.0,0.0,1,3,4,17,2,5,2,0
750,2013-03-02,15:00,Northampton,40,0,London Irish,14,0,Franklin's Gardens,JP Doyle,54,H,15,Sat,Mar,2013,2012-13,21.8,20.8,0.0,0.0,9,6,4,3,2,9,2,1
752,2013-03-02,15:15,Harlequins,16,0,Exeter,27,0,Twickenham Stoop,David Rose,43,A,15,Sat,Mar,2013,2012-13,25.6,20.0,0.0,0.0,3,1,4,17,2,5,2,0
748,2013-03-02,15:00,Leicester,48,0,Sale,10,0,Welford Road,Wayne Barnes,58,H,15,Sat,Mar,2013,2012-13,22.4,19.0,0.0,0.0,5,10,4,19,2,20,2,1
749,2013-03-02,15:00,Sale,10,0,Leicester,48,0,Welford Road,Wayne Barnes,58,H,15,Sat,Mar,2013,2012-13,22.6,26.0,0.0,0.0,10,5,4,19,2,20,2,1
755,2013-03-03,14:15,London Welsh,14,0,Saracens,35,0,Allianz Park,Luke Pearce,49,H,14,Sun,Mar,2013,2012-13,18.8,33.2,0.0,0.0,7,11,4,1,3,12,2,1
754,2013-03-03,14:15,Saracens,35,0,London Welsh,14,0,Allianz Park,Luke Pearce,49,H,14,Sun,Mar,2013,2012-13,25.6,19.0,0.0,0.0,11,7,4,1,3,12,2,1
757,2013-03-22,20:00,Bath,13,0,Sale,14,0,Salford City Stadium,JP Doyle,27,H,20,Fri,Mar,2013,2012-13,28.2,20.8,0.0,0.0,0,10,4,11,0,9,2,1
756,2013-03-22,20:00,Sale,14,0,Bath,13,0,Salford City Stadium,JP Doyle,27,H,20,Fri,Mar,2013,2012-13,18.0,30.2,0.0,0.0,10,0,4,11,0,9,2,1
761,2013-03-23,15:00,Worcester,6,0,London Irish,26,0,Madejski Stadium,Wayne Barnes,32,H,15,Sat,Mar,2013,2012-13,18.6,26.0,0.0,0.0,13,6,4,8,2,20,2,1
759,2013-03-23,15:00,London Welsh,14,0,Gloucester,15,0,Kingsholm,Martin Fox,29,H,15,Sat,Mar,2013,2012-13,18.6,33.4,0.0,0.0,7,2,4,6,2,13,2,1
758,2013-03-23,15:00,Gloucester,15,0,London Welsh,14,0,Kingsholm,Martin Fox,29,H,15,Sat,Mar,2013,2012-13,24.4,23.2,0.0,0.0,2,7,4,6,2,13,2,1
762,2013-03-23,15:15,Wasps,24,0,Northampton,26,0,Adams Park,David Rose,50,A,15,Sat,Mar,2013,2012-13,24.2,23.8,0.0,0.0,12,9,4,0,2,5,2,0
765,2013-03-23,17:00,Leicester,12,0,Exeter,9,0,Sandy Park,Tim Wigglesworth,21,A,17,Sat,Mar,2013,2012-13,28.6,18.6,0.0,0.0,5,1,4,12,2,18,2,0
760,2013-03-23,15:00,London Irish,26,0,Worcester,6,0,Madejski Stadium,Wayne Barnes,32,H,15,Sat,Mar,2013,2012-13,21.4,25.4,0.0,0.0,6,13,4,8,2,20,2,1
764,2013-03-23,17:00,Exeter,9,0,Leicester,12,0,Sandy Park,Tim Wigglesworth,21,A,17,Sat,Mar,2013,2012-13,24.0,22.8,0.0,0.0,1,5,4,12,2,18,2,0
763,2013-03-23,15:15,Northampton,26,0,Wasps,24,0,Adams Park,David Rose,50,A,15,Sat,Mar,2013,2012-13,26.6,20.2,0.0,0.0,9,12,4,0,2,5,2,0
766,2013-03-24,14:00,Saracens,27,0,Harlequins,12,0,Allianz Park,Greg Garner,39,H,14,Sun,Mar,2013,2012-13,29.2,18.6,0.0,0.0,11,3,4,1,3,8,2,1
767,2013-03-24,14:00,Harlequins,12,0,Saracens,27,0,Allianz Park,Greg Garner,39,H,14,Sun,Mar,2013,2012-13,23.6,22.4,0.0,0.0,3,11,4,1,3,8,2,1
769,2013-03-29,19:45,Harlequins,15,0,Gloucester,17,0,Kingsholm,JP Doyle,32,H,19,Fri,Mar,2013,2012-13,19.8,22.6,0.0,0.0,3,2,4,6,0,9,2,1
768,2013-03-29,19:45,Gloucester,17,0,Harlequins,15,0,Kingsholm,JP Doyle,32,H,19,Fri,Mar,2013,2012-13,25.0,22.4,0.0,0.0,2,3,4,6,0,9,2,1
772,2013-03-30,15:00,Wasps,13,0,Saracens,22,0,Adams Park,Martin Fox,35,A,15,Sat,Mar,2013,2012-13,23.2,26.0,0.0,0.0,12,11,4,0,2,13,2,0
771,2013-03-30,14:15,London Welsh,25,0,Bath,40,0,The Recreation Ground,Tim Wigglesworth,65,H,14,Sat,Mar,2013,2012-13,16.2,30.2,0.0,0.0,7,0,4,15,2,18,2,1
773,2013-03-30,15:00,Saracens,22,0,Wasps,13,0,Adams Park,Martin Fox,35,A,15,Sat,Mar,2013,2012-13,28.2,18.6,0.0,0.0,11,12,4,0,2,13,2,0
770,2013-03-30,14:15,Bath,40,0,London Welsh,25,0,The Recreation Ground,Tim Wigglesworth,65,H,14,Sat,Mar,2013,2012-13,27.8,17.8,0.0,0.0,0,7,4,15,2,18,2,1
776,2013-03-30,15:00,Worcester,18,0,Exeter,24,0,Sixways,David Rose,42,A,15,Sat,Mar,2013,2012-13,17.0,27.4,0.0,0.0,13,1,4,13,2,5,2,0
774,2013-03-30,15:00,Northampton,8,0,Leicester,36,0,Franklin's Gardens,Wayne Barnes,44,A,15,Sat,Mar,2013,2012-13,25.8,21.2,0.0,0.0,9,5,4,3,2,20,2,0
775,2013-03-30,15:00,Leicester,36,0,Northampton,8,0,Franklin's Gardens,Wayne Barnes,44,A,15,Sat,Mar,2013,2012-13,27.2,17.6,0.0,0.0,5,9,4,3,2,20,2,0
777,2013-03-30,15:00,Exeter,24,0,Worcester,18,0,Sixways,David Rose,42,A,15,Sat,Mar,2013,2012-13,22.0,19.2,0.0,0.0,1,13,4,13,2,5,2,0
779,2013-03-31,14:15,Sale,33,0,London Irish,33,0,Madejski Stadium,Greg Garner,66,D,14,Sun,Mar,2013,2012-13,18.4,26.4,0.0,0.0,10,6,4,8,3,8,2,0
778,2013-03-31,14:15,London Irish,33,0,Sale,33,0,Madejski Stadium,Greg Garner,66,D,14,Sun,Mar,2013,2012-13,23.0,24.2,0.0,0.0,6,10,4,8,3,8,2,0
781,2013-04-12,19:45,Gloucester,9,0,Sale,32,0,Salford City Stadium,David Rose,41,H,19,Fri,Apr,2013,2012-13,23.0,23.2,0.0,0.0,2,10,0,11,0,5,2,1
780,2013-04-12,19:45,Sale,32,0,Gloucester,9,0,Salford City Stadium,David Rose,41,H,19,Fri,Apr,2013,2012-13,20.8,29.8,0.0,0.0,10,2,0,11,0,5,2,1
785,2013-04-13,15:00,London Irish,6,0,Exeter,27,0,Sandy Park,Martin Fox,33,H,15,Sat,Apr,2013,2012-13,23.8,27.6,0.0,0.0,6,1,0,12,2,13,2,1
783,2013-04-13,14:15,Bath,9,0,Harlequins,23,0,Twickenham Stoop,Wayne Barnes,32,H,14,Sat,Apr,2013,2012-13,29.4,21.0,0.0,0.0,0,3,0,17,2,20,2,1
784,2013-04-13,15:00,Exeter,27,0,London Irish,6,0,Sandy Park,Martin Fox,33,H,15,Sat,Apr,2013,2012-13,23.6,18.6,0.0,0.0,1,6,0,12,2,13,2,1
782,2013-04-13,14:15,Harlequins,23,0,Bath,9,0,Twickenham Stoop,Wayne Barnes,32,H,14,Sat,Apr,2013,2012-13,19.6,22.6,0.0,0.0,3,0,0,17,2,20,2,1
786,2013-04-14,15:00,London Welsh,14,0,Northampton,31,0,Kassam Stadium,Greg Garner,45,A,15,Sun,Apr,2013,2012-13,18.8,32.6,0.0,0.0,7,9,0,5,3,8,2,0
788,2013-04-14,15:00,Saracens,47,0,Worcester,17,0,Allianz Park,Tim Wigglesworth,64,H,15,Sun,Apr,2013,2012-13,29.4,15.4,0.0,0.0,11,13,0,1,3,18,2,1
791,2013-04-14,15:45,Wasps,16,0,Leicester,35,0,Welford Road,JP Doyle,51,H,15,Sun,Apr,2013,2012-13,22.4,27.2,0.0,0.0,12,5,0,19,3,9,2,1
789,2013-04-14,15:00,Worcester,17,0,Saracens,47,0,Allianz Park,Tim Wigglesworth,64,H,15,Sun,Apr,2013,2012-13,18.8,25.8,0.0,0.0,13,11,0,1,3,18,2,1
787,2013-04-14,15:00,Northampton,31,0,London Welsh,14,0,Kassam Stadium,Greg Garner,45,A,15,Sun,Apr,2013,2012-13,25.2,23.0,0.0,0.0,9,7,0,5,3,8,2,0
790,2013-04-14,15:45,Leicester,35,0,Wasps,16,0,Welford Road,JP Doyle,51,H,15,Sun,Apr,2013,2012-13,28.8,16.8,0.0,0.0,5,12,0,19,3,9,2,1
797,2013-04-20,15:00,London Welsh,28,0,London Irish,47,0,Madejski Stadium,Dean Richards,75,H,15,Sat,Apr,2013,2012-13,16.6,33.6,0.0,0.0,7,6,0,8,2,6,2,1
792,2013-04-20,14:15,Bath,27,0,Leicester,26,0,The Recreation Ground,Tim Wigglesworth,53,H,14,Sat,Apr,2013,2012-13,23.2,22.4,0.0,0.0,0,5,0,15,2,18,2,1
795,2013-04-20,15:00,Saracens,23,0,Gloucester,28,0,Kingsholm,JP Doyle,51,H,15,Sat,Apr,2013,2012-13,32.6,16.6,0.0,0.0,11,2,0,6,2,9,2,1
794,2013-04-20,15:00,Gloucester,28,0,Saracens,23,0,Kingsholm,JP Doyle,51,H,15,Sat,Apr,2013,2012-13,19.0,23.0,0.0,0.0,2,11,0,6,2,9,2,1
799,2013-04-20,15:00,Harlequins,42,0,Worcester,26,0,Sixways,Martin Fox,68,A,15,Sat,Apr,2013,2012-13,19.2,20.2,0.0,0.0,3,13,0,13,2,13,2,0
800,2013-04-20,17:45,Northampton,47,0,Sale,7,0,Franklin's Gardens,Luke Pearce,54,H,17,Sat,Apr,2013,2012-13,26.0,22.2,0.0,0.0,9,10,0,3,2,12,2,1
793,2013-04-20,14:15,Leicester,26,0,Bath,27,0,The Recreation Ground,Tim Wigglesworth,53,H,14,Sat,Apr,2013,2012-13,31.6,15.0,0.0,0.0,5,0,0,15,2,18,2,1
798,2013-04-20,15:00,Worcester,26,0,Harlequins,42,0,Sixways,Martin Fox,68,A,15,Sat,Apr,2013,2012-13,18.6,29.8,0.0,0.0,13,3,0,13,2,13,2,0
796,2013-04-20,15:00,London Irish,47,0,London Welsh,28,0,Madejski Stadium,Dean Richards,75,H,15,Sat,Apr,2013,2012-13,21.8,25.0,0.0,0.0,6,7,0,8,2,6,2,1
801,2013-04-20,17:45,Sale,7,0,Northampton,47,0,Franklin's Gardens,Luke Pearce,54,H,17,Sat,Apr,2013,2012-13,22.0,26.6,0.0,0.0,10,9,0,3,2,12,2,1
803,2013-04-21,14:00,Exeter,37,0,Wasps,24,0,Adams Park,Wayne Barnes,61,A,14,Sun,Apr,2013,2012-13,26.8,13.6,0.0,0.0,1,12,0,0,3,20,2,0
802,2013-04-21,14:00,Wasps,24,0,Exeter,37,0,Adams Park,Wayne Barnes,61,A,14,Sun,Apr,2013,2012-13,19.0,28.4,0.0,0.0,12,1,0,0,3,20,2,0
805,2013-05-04,15:00,Gloucester,39,0,Exeter,40,0,Sandy Park,Greg Garner,79,H,15,Sat,May,2013,2012-13,18.8,23.0,0.0,0.0,2,1,5,12,2,8,2,1
815,2013-05-04,15:00,Bath,14,0,Saracens,23,0,Allianz Park,Martin Fox,37,H,15,Sat,May,2013,2012-13,24.0,22.6,0.0,0.0,0,11,5,1,2,13,2,1
809,2013-05-04,15:00,London Irish,20,0,Leicester,32,0,Welford Road,Luke Pearce,52,H,15,Sat,May,2013,2012-13,25.2,26.8,0.0,0.0,6,5,5,19,2,12,2,1
808,2013-05-04,15:00,Leicester,32,0,London Irish,20,0,Welford Road,Luke Pearce,52,H,15,Sat,May,2013,2012-13,31.4,14.0,0.0,0.0,5,6,5,19,2,12,2,1
807,2013-05-04,15:00,Northampton,19,0,Harlequins,22,0,Twickenham Stoop,Tim Wigglesworth,41,H,15,Sat,May,2013,2012-13,30.4,19.0,0.0,0.0,9,3,5,17,2,18,2,1
813,2013-05-04,15:00,Wasps,20,0,Sale,21,0,Salford City Stadium,Dean Richards,41,H,15,Sat,May,2013,2012-13,20.0,29.8,0.0,0.0,12,10,5,11,2,6,2,1
806,2013-05-04,15:00,Harlequins,22,0,Northampton,19,0,Twickenham Stoop,Tim Wigglesworth,41,H,15,Sat,May,2013,2012-13,21.6,21.2,0.0,0.0,3,9,5,17,2,18,2,1
811,2013-05-04,15:00,Worcester,22,0,London Welsh,33,0,Kassam Stadium,Matt Carley,55,H,15,Sat,May,2013,2012-13,19.2,32.4,0.0,0.0,13,7,5,5,2,14,2,1
810,2013-05-04,15:00,London Welsh,33,0,Worcester,22,0,Kassam Stadium,Matt Carley,55,H,15,Sat,May,2013,2012-13,19.0,33.6,0.0,0.0,7,13,5,5,2,14,2,1
804,2013-05-04,15:00,Exeter,40,0,Gloucester,39,0,Sandy Park,Greg Garner,79,H,15,Sat,May,2013,2012-13,24.8,15.2,0.0,0.0,1,2,5,12,2,8,2,1
814,2013-05-04,15:00,Saracens,23,0,Bath,14,0,Allianz Park,Martin Fox,37,H,15,Sat,May,2013,2012-13,30.8,16.8,0.0,0.0,11,0,5,1,2,13,2,1
812,2013-05-04,15:00,Sale,21,0,Wasps,20,0,Salford City Stadium,Dean Richards,41,H,15,Sat,May,2013,2012-13,19.2,30.0,0.0,0.0,10,12,5,11,2,6,2,1
817,2013-05-11,15:00,Harlequins,16,0,Leicester,33,0,Welford Road,Greg Garner,49,H,15,Sat,May,2013,2012-13,22.8,19.6,0.0,0.0,3,5,5,19,2,8,2,1
816,2013-05-11,15:00,Leicester,33,0,Harlequins,16,0,Welford Road,Greg Garner,49,H,15,Sat,May,2013,2012-13,28.2,16.0,0.0,0.0,5,3,5,19,2,8,2,1
819,2013-05-12,15:00,Northampton,27,0,Saracens,13,0,Allianz Park,JP Doyle,40,A,15,Sun,May,2013,2012-13,26.2,20.6,0.0,0.0,9,11,5,1,3,9,2,0
818,2013-05-12,15:00,Saracens,13,0,Northampton,27,0,Allianz Park,JP Doyle,40,A,15,Sun,May,2013,2012-13,28.4,16.8,0.0,0.0,11,9,5,1,3,9,2,0
820,2013-05-25,15:00,Leicester,37,0,Northampton,17,0,Twickenham Stadium,Wayne Barnes,54,H,15,Sat,May,2013,2012-13,32.4,17.4,0.0,0.0,5,9,5,16,2,20,2,1
821,2013-05-25,15:00,Northampton,17,0,Leicester,37,0,Twickenham Stadium,Wayne Barnes,54,H,15,Sat,May,2013,2012-13,26.4,18.4,0.0,0.0,9,5,5,16,2,20,2,1
