,date,time,team1Name,team1Score,team2Name,team2Score,venue,referee,totalScore,winner,hour,day,month,year,season,avgLast5Scores,avgLast5ScoresAgainst,team1Code,team2Code,monthCode,venueCode,dayCode,refereeCode,seasonCode,targetCode
63,2010-12-26,15:00,Saracens,13,Wasps,6,Wembley Stadium,,19,H,15,Sun,Dec,2010,2010-11,22.6,17.4,11,12,1,20,3,-1,0,1
64,2010-12-27,15:00,Leicester,54,Sale,21,Welford Road,,75,H,15,Mon,Dec,2010,2010-11,33.6,16.0,5,10,1,19,1,-1,0,1
65,2010-12-27,16:15,Harlequins,28,London Irish,18,Twickenham Stadium,,46,H,16,Mon,Dec,2010,2010-11,27.2,13.8,3,6,1,16,1,-1,0,1
68,2011-01-01,15:00,Northampton,13,Harlequins,16,Franklin's Gardens,,29,A,15,Sat,Jan,2011,2010-11,30.8,17.2,9,3,3,3,2,-1,0,0
67,2011-01-01,15:00,London Irish,24,Bath,25,Madejski Stadium,,49,A,15,Sat,Jan,2011,2010-11,29.8,21.0,6,0,3,8,2,-1,0,0
69,2011-01-02,14:45,Wasps,33,Newcastle,16,Adams Park,,49,H,14,Sun,Jan,2011,2010-11,26.6,26.6,12,8,3,0,3,-1,0,1
71,2011-01-02,16:15,Exeter,15,Leicester,22,Sandy Park,,37,A,16,Sun,Jan,2011,2010-11,18.4,13.4,1,5,3,12,3,-1,0,0
73,2011-01-08,14:15,Bath,16,Leeds,13,Recreation Ground,,29,H,14,Sat,Jan,2011,2010-11,14.6,15.0,0,4,3,9,2,-1,0,1
76,2011-01-08,15:00,Leicester,27,Northampton,16,Welford Road,,43,H,15,Sat,Jan,2011,2010-11,37.0,14.8,5,9,3,19,2,-1,0,1
75,2011-01-08,15:00,Harlequins,17,Wasps,10,Twickenham Stoop,,27,H,15,Sat,Jan,2011,2010-11,29.6,13.4,3,12,3,17,2,-1,0,1
74,2011-01-08,15:00,Gloucester,37,Exeter,23,Kingsholm,,60,H,15,Sat,Jan,2011,2010-11,23.0,18.4,2,1,3,6,2,-1,0,1
77,2011-01-09,15:00,Saracens,12,London Irish,6,Vicarage Road,,18,H,15,Sun,Jan,2011,2010-11,19.6,16.0,11,6,3,18,3,-1,0,1
78,2011-02-11,19:45,Sale,7,Bath,19,Edgeley Park,,26,A,19,Fri,Feb,2011,2010-11,23.6,20.2,10,0,2,2,0,-1,0,0
80,2011-02-12,15:00,Exeter,20,Harlequins,6,Sandy Park,,26,H,15,Sat,Feb,2011,2010-11,17.0,15.8,1,3,2,12,2,-1,0,1
79,2011-02-12,12:30,London Irish,23,Newcastle,14,Madejski Stadium,,37,H,12,Sat,Feb,2011,2010-11,28.0,22.8,6,8,2,8,2,-1,0,1
81,2011-02-12,15:00,Northampton,15,Saracens,29,Franklin's Gardens,,44,A,15,Sat,Feb,2011,2010-11,28.0,16.6,9,11,2,3,2,-1,0,0
82,2011-02-13,15:00,Leeds,9,Leicester,15,Headingley,,24,A,15,Sun,Feb,2011,2010-11,11.2,18.8,4,5,2,4,3,-1,0,0
83,2011-02-13,17:00,Wasps,9,Gloucester,10,Adams Park,,19,A,17,Sun,Feb,2011,2010-11,27.4,24.0,12,2,2,0,3,-1,0,0
84,2011-02-18,19:45,Gloucester,23,London Irish,9,Kingsholm,,32,H,19,Fri,Feb,2011,2010-11,26.0,18.8,2,6,2,6,0,-1,0,1
85,2011-02-18,20:00,Newcastle,13,Exeter,23,Kingston Park,,36,A,20,Fri,Feb,2011,2010-11,17.0,20.6,8,1,2,7,0,-1,0,0
86,2011-02-19,15:00,Bath,38,Northampton,8,Recreation Ground,,46,H,15,Sat,Feb,2011,2010-11,13.8,15.0,0,9,2,9,2,-1,0,1
88,2011-02-19,17:30,Leicester,21,Wasps,12,Welford Road,,33,H,17,Sat,Feb,2011,2010-11,32.8,16.8,5,12,2,19,2,-1,0,1
87,2011-02-19,15:00,Harlequins,21,Sale,9,Twickenham Stoop,,30,H,15,Sat,Feb,2011,2010-11,25.0,12.8,3,10,2,17,2,-1,0,1
89,2011-02-20,15:00,Saracens,39,Leeds,0,Vicarage Road,,39,H,15,Sun,Feb,2011,2010-11,17.2,13.8,11,4,2,18,3,-1,0,1
90,2011-02-25,19:45,Sale,16,Leicester,18,Edgeley Park,,34,A,19,Fri,Feb,2011,2010-11,18.0,20.4,10,5,2,2,0,-1,0,0
93,2011-02-26,15:00,Northampton,16,Gloucester,18,Franklin's Gardens,,34,A,15,Sat,Feb,2011,2010-11,24.8,20.4,9,2,2,3,2,-1,0,0
92,2011-02-26,15:00,London Irish,15,Harlequins,9,Madejski Stadium,,24,H,15,Sat,Feb,2011,2010-11,28.0,22.4,6,3,2,8,2,-1,0,1
91,2011-02-26,15:00,Exeter,9,Bath,12,Sandy Park,,21,A,15,Sat,Feb,2011,2010-11,16.6,13.6,1,0,2,12,2,-1,0,0
95,2011-02-27,17:30,Leeds,5,Newcastle,22,Headingley,,27,A,17,Sun,Feb,2011,2010-11,9.8,15.4,4,8,2,4,3,-1,0,0
94,2011-02-27,13:00,Wasps,15,Saracens,26,Adams Park,,41,A,13,Sun,Feb,2011,2010-11,21.8,20.0,12,11,2,0,3,-1,0,0
96,2011-03-04,20:00,Newcastle,33,Harlequins,18,Kingston Park,,51,H,20,Fri,Mar,2011,2010-11,13.8,21.8,8,3,4,7,0,-1,0,1
98,2011-03-05,15:15,Leicester,14,Saracens,15,Welford Road,,29,A,15,Sat,Mar,2011,2010-11,32.8,16.2,5,11,4,19,2,-1,0,0
97,2011-03-05,15:00,Gloucester,34,Bath,22,Kingsholm,,56,H,15,Sat,Mar,2011,2010-11,26.2,16.6,2,0,4,6,2,-1,0,1
101,2011-03-06,15:00,Leeds,27,London Irish,19,Headingley,,46,H,15,Sun,Mar,2011,2010-11,8.0,14.6,4,6,4,4,3,-1,0,1
99,2011-03-06,15:00,Exeter,30,Northampton,9,Sandy Park,,39,H,15,Sun,Mar,2011,2010-11,16.6,13.6,1,9,4,12,3,-1,0,1
100,2011-03-06,15:00,Wasps,33,Sale,26,Adams Park,,59,H,15,Sun,Mar,2011,2010-11,22.8,17.8,12,10,4,0,3,-1,0,1
102,2011-03-12,15:00,Leeds,13,Northampton,23,Headingley,,36,A,15,Sat,Mar,2011,2010-11,12.8,17.2,4,9,4,4,2,-1,0,0
103,2011-03-25,19:45,Sale,15,Leeds,12,Edgeley Park,,27,H,19,Fri,Mar,2011,2010-11,17.0,20.6,10,4,4,2,0,-1,0,1
104,2011-03-26,15:00,Harlequins,53,Gloucester,15,Twickenham Stoop,,68,H,15,Sat,Mar,2011,2010-11,24.6,12.2,3,2,4,17,2,-1,0,1
106,2011-03-26,16:30,Bath,6,Leicester,37,Recreation Ground,,43,A,16,Sat,Mar,2011,2010-11,15.2,13.4,0,5,4,9,2,-1,0,0
105,2011-03-26,15:00,London Irish,39,Exeter,17,Madejski Stadium,,56,H,15,Sat,Mar,2011,2010-11,23.0,19.4,6,1,4,8,2,-1,0,1
107,2011-03-27,13:45,Northampton,39,Wasps,3,Franklin's Gardens,,42,H,13,Sun,Mar,2011,2010-11,22.6,19.8,9,12,4,3,3,-1,0,1
108,2011-03-27,15:00,Saracens,24,Newcastle,9,Vicarage Road,,33,H,15,Sun,Mar,2011,2010-11,19.8,9.8,11,8,4,18,3,-1,0,1
111,2011-04-02,17:30,Harlequins,13,Leicester,17,Twickenham Stoop,Wayne Barnes,30,A,17,Sat,Apr,2011,2010-11,34.0,14.0,3,5,0,17,2,24,0,0
109,2011-04-02,14:30,Northampton,53,Sale,24,Franklin's Gardens,,77,H,14,Sat,Apr,2011,2010-11,23.6,17.8,9,10,0,3,2,-1,0,1
110,2011-04-02,15:00,Gloucester,34,Newcastle,9,Kingsholm,Dean Richards,43,H,15,Sat,Apr,2011,2010-11,26.4,15.8,2,8,0,6,2,7,0,1
113,2011-04-03,15:00,London Irish,25,Wasps,12,Madejski Stadium,Chris White,37,H,15,Sun,Apr,2011,2010-11,23.0,17.6,6,12,0,8,3,2,0,1
114,2011-04-03,15:00,Saracens,20,Bath,9,Vicarage Road,Nigel Owens,29,H,15,Sun,Apr,2011,2010-11,22.8,7.0,11,0,0,18,3,19,0,1
112,2011-04-03,15:00,Leeds,27,Exeter,22,Headingley,Tim Wigglesworth,49,H,15,Sun,Apr,2011,2010-11,13.8,18.4,4,1,0,4,3,23,0,1
115,2011-04-08,19:45,Sale,36,Gloucester,31,Edgeley Park,,67,H,19,Fri,Apr,2011,2010-11,15.2,18.0,10,2,0,2,0,-1,0,1
116,2011-04-09,14:30,Bath,26,Exeter,18,Recreation Ground,,44,H,14,Sat,Apr,2011,2010-11,15.8,17.2,0,1,0,9,2,-1,0,1
117,2011-04-09,15:00,Newcastle,29,Leeds,30,Kingston Park,,59,A,15,Sat,Apr,2011,2010-11,18.0,16.2,8,4,0,7,2,-1,0,0
118,2011-04-15,19:45,Newcastle,15,Northampton,22,Kingston Park,Greg Garner,37,A,19,Fri,Apr,2011,2010-11,21.2,19.2,8,9,0,7,0,9,0,0
121,2011-04-16,15:00,Leicester,41,Gloucester,41,Welford Road,George Clancy,82,D,15,Sat,Apr,2011,2010-11,32.0,16.6,5,2,0,19,2,8,0,0
120,2011-04-16,15:00,Exeter,12,Saracens,33,Sandy Park,Dean Richards,45,A,15,Sat,Apr,2011,2010-11,19.6,13.6,1,11,0,12,2,7,0,0
122,2011-04-16,17:30,Sale,20,London Irish,34,Reebok Stadium,,54,A,17,Sat,Apr,2011,2010-11,20.4,20.4,10,6,0,10,2,-1,0,0
119,2011-04-16,14:15,Bath,19,Harlequins,15,Recreation Ground,Dave Pearson,34,H,14,Sat,Apr,2011,2010-11,18.4,17.4,0,3,0,9,2,4,0,1
123,2011-04-17,15:00,Wasps,51,Leeds,18,Adams Park,,69,H,15,Sun,Apr,2011,2010-11,22.8,18.0,12,4,0,0,3,-1,0,1
124,2011-04-19,19:45,Gloucester,27,Northampton,15,Kingsholm,,42,H,19,Tue,Apr,2011,2010-11,29.4,15.2,2,9,0,6,4,-1,0,1
126,2011-04-22,18:00,Newcastle,13,Leicester,24,Kingston Park,Tim Wigglesworth,37,A,18,Fri,Apr,2011,2010-11,21.8,22.4,8,5,0,7,0,23,0,0
125,2011-04-22,15:00,Sale,24,Exeter,30,Edgeley Park,Peter Fitzgibbon,54,A,15,Fri,Apr,2011,2010-11,18.8,22.8,10,1,0,2,0,20,0,0
128,2011-04-23,17:30,Wasps,10,Bath,43,Twickenham Stadium,Wayne Barnes,53,A,17,Sat,Apr,2011,2010-11,28.2,19.2,12,0,0,16,2,24,0,0
127,2011-04-23,15:00,London Irish,20,Northampton,26,Madejski Stadium,,46,A,15,Sat,Apr,2011,2010-11,25.2,15.4,6,9,0,8,2,-1,0,0
129,2011-04-24,13:30,Saracens,35,Gloucester,12,Vicarage Road,Dave Pearson,47,H,13,Sun,Apr,2011,2010-11,21.6,6.0,11,2,0,18,3,4,0,1
130,2011-04-24,15:00,Leeds,3,Harlequins,38,Headingley,Martin Fox,41,A,15,Sun,Apr,2011,2010-11,16.2,20.2,4,3,0,4,3,16,0,0
131,2011-04-30,16:00,Newcastle,11,Bath,14,Kingston Park,,25,A,16,Sat,Apr,2011,2010-11,20.6,23.4,8,0,0,7,2,-1,0,0
133,2011-05-07,15:00,Exeter,21,Wasps,8,Sandy Park,Llyr Apgeraint-Roberts,29,H,15,Sat,May,2011,2010-11,17.2,16.4,1,12,5,12,2,14,0,1
134,2011-05-07,15:00,Gloucester,68,Sale,17,Kingsholm,,85,H,15,Sat,May,2011,2010-11,31.0,15.6,2,10,5,6,2,-1,0,1
132,2011-05-07,15:00,Bath,42,Newcastle,12,Recreation Ground,Wayne Barnes,54,H,15,Sat,May,2011,2010-11,21.0,18.2,0,8,5,9,2,24,0,1
136,2011-05-07,15:00,Leicester,32,London Irish,23,Welford Road,Greg Garner,55,H,15,Sat,May,2011,2010-11,31.4,21.0,5,6,5,19,2,9,0,1
137,2011-05-07,15:00,Northampton,31,Leeds,24,Franklin's Gardens,Andrew Small,55,H,15,Sat,May,2011,2010-11,27.2,18.0,9,4,5,3,2,0,0,1
135,2011-05-07,15:00,Harlequins,13,Saracens,16,Twickenham Stoop,Tim Wigglesworth,29,A,15,Sat,May,2011,2010-11,26.4,13.8,3,11,5,17,2,23,0,0
138,2011-05-14,15:15,Leicester,11,Northampton,3,Welford Road,Wayne Barnes,14,H,15,Sat,May,2011,2010-11,27.0,21.4,5,9,5,19,2,24,0,1
139,2011-05-15,14:30,Saracens,12,Gloucester,10,Vicarage Road,Andrew Small,22,H,14,Sun,May,2011,2010-11,26.0,7.2,11,2,5,18,3,0,0,1
140,2011-05-28,15:00,Leicester,18,Saracens,22,Twickenham Stadium,Wayne Barnes,40,A,15,Sat,May,2011,2010-11,23.8,18.8,5,11,5,16,2,24,0,0
144,2011-09-03,16:30,Saracens,15,Wasps,20,Twickenham Stadium,,35,A,16,Sat,Sep,2011,2011-12,26.0,8.0,11,12,8,16,2,-1,1,0
141,2011-09-03,14:00,London Irish,24,Harlequins,29,Twickenham Stadium,Greg Garner,53,A,14,Sat,Sep,2011,2011-12,24.4,15.6,6,3,8,16,2,9,1,0
142,2011-09-03,15:00,Leicester,28,Exeter,30,Welford Road,Tim Wigglesworth,58,A,15,Sat,Sep,2011,2011-12,23.2,20.8,5,1,8,19,2,23,1,0
145,2011-09-03,18:30,Newcastle,9,Bath,22,Kingston Park,Martin Fox,31,A,18,Sat,Sep,2011,2011-12,20.2,21.6,8,0,8,7,2,16,1,0
146,2011-09-04,15:30,Northampton,26,Gloucester,24,Franklin's Gardens,Andrew Small,50,H,15,Sun,Sep,2011,2011-12,30.8,19.6,9,2,8,3,3,0,1,1
147,2011-09-09,19:45,Harlequins,26,Northampton,13,Twickenham Stoop,Greg Garner,39,H,19,Fri,Sep,2011,2011-12,23.4,13.4,3,9,8,17,0,9,1,1
148,2011-09-09,19:45,Sale,30,London Irish,29,Edgeley Park,Sean Davey,59,H,19,Fri,Sep,2011,2011-12,22.2,25.0,10,6,8,2,0,21,1,1
149,2011-09-10,15:00,Exeter,32,Newcastle,15,Sandy Park,Chris White,47,H,15,Sat,Sep,2011,2011-12,18.4,13.6,1,8,8,12,2,2,1,1
151,2011-09-10,15:15,Bath,26,Saracens,28,Recreation Ground,Greg Garner,54,A,15,Sat,Sep,2011,2011-12,26.2,18.0,0,11,8,9,2,9,1,0
150,2011-09-10,15:00,Gloucester,29,Worcester,8,Kingsholm,,37,H,15,Sat,Sep,2011,2011-12,37.2,14.4,2,13,8,6,2,-1,1,1
152,2011-09-11,14:15,Wasps,35,Leicester,29,Adams Park,Andrew Small,64,H,14,Sun,Sep,2011,2011-12,23.6,24.6,12,5,8,0,3,0,1,1
154,2011-09-17,15:00,Wasps,18,Sale,29,Adams Park,Greg Garner,47,A,15,Sat,Sep,2011,2011-12,28.8,28.4,12,10,8,0,2,9,1,0
153,2011-09-17,15:00,Harlequins,42,Gloucester,6,Twickenham Stoop,Tim Wigglesworth,48,H,15,Sat,Sep,2011,2011-12,25.2,14.0,3,2,8,17,2,23,1,1
156,2011-09-17,15:05,Newcastle,26,Leicester,27,Kingston Park,,53,A,15,Sat,Sep,2011,2011-12,15.4,22.4,8,5,8,7,2,-1,1,0
157,2011-09-17,17:30,Bath,23,Exeter,19,Recreation Ground,,42,H,17,Sat,Sep,2011,2011-12,23.8,22.0,0,1,8,9,2,-1,1,1
155,2011-09-17,15:00,Northampton,13,London Irish,14,Franklin's Gardens,Martin Fox,27,A,15,Sat,Sep,2011,2011-12,33.0,18.6,9,6,8,3,2,16,1,0
158,2011-09-18,14:15,Saracens,18,Worcester,6,Vicarage Road,Llyr ApGeraint-Roberts,24,H,14,Sun,Sep,2011,2011-12,21.2,12.0,11,13,8,18,3,13,1,1
159,2011-09-23,19:45,Sale,29,Northampton,21,Edgeley Park,Tim Wigglesworth,50,H,19,Fri,Sep,2011,2011-12,25.0,27.2,10,9,8,2,0,23,1,1
160,2011-09-24,14:30,Leicester,25,Saracens,50,Welford Road,Greg Garner,75,A,14,Sat,Sep,2011,2011-12,26.0,23.8,5,11,8,19,2,9,1,0
162,2011-09-24,15:00,London Irish,46,Newcastle,29,Madejski Stadium,,75,H,15,Sat,Sep,2011,2011-12,24.6,18.6,6,8,8,8,2,-1,1,1
161,2011-09-24,15:00,Gloucester,23,Bath,6,Kingsholm,,29,H,15,Sat,Sep,2011,2011-12,38.4,14.2,2,0,8,6,2,-1,1,1
164,2011-09-25,15:00,Exeter,21,Wasps,11,Sandy Park,Martin Fox,32,H,15,Sun,Sep,2011,2011-12,20.8,15.4,1,12,8,12,3,16,1,1
169,2011-10-01,15:15,Bath,26,Leicester,25,Recreation Ground,Tim Wigglesworth,51,H,15,Sat,Oct,2011,2011-12,27.2,18.4,0,5,7,9,2,23,1,1
167,2011-10-01,15:00,Exeter,13,Saracens,17,Sandy Park,,30,A,15,Sat,Oct,2011,2011-12,23.2,15.2,1,11,7,12,2,-1,1,0
168,2011-10-01,15:00,Harlequins,48,Sale,41,Twickenham Stoop,Martin Fox,89,H,15,Sat,Oct,2011,2011-12,29.4,13.4,3,10,7,17,2,16,1,1
166,2011-10-01,13:00,Gloucester,33,London Irish,30,Kingsholm,Greg Garner,63,H,13,Sat,Oct,2011,2011-12,36.2,11.0,2,6,7,6,2,9,1,1
170,2011-10-02,15:30,Newcastle,15,Wasps,10,Kingston Park,Sean Davey,25,H,15,Sun,Oct,2011,2011-12,14.8,21.8,8,12,7,7,3,21,1,1
173,2011-10-08,16:45,Leicester,18,Harlequins,27,Welford Road,,45,A,16,Sat,Oct,2011,2011-12,22.8,25.6,5,3,7,19,2,-1,1,0
172,2011-10-08,15:00,Sale,13,Gloucester,11,Edgeley Park,Sean Davey,24,H,15,Sat,Oct,2011,2011-12,27.8,29.0,10,2,7,2,2,21,1,1
171,2011-10-08,14:30,Northampton,33,Exeter,3,Franklin's Gardens,Greg Garner,36,H,14,Sat,Oct,2011,2011-12,32.4,17.8,9,1,7,3,2,9,1,1
174,2011-10-09,14:00,London Irish,42,Worcester,24,Madejski Stadium,,66,H,14,Sun,Oct,2011,2011-12,30.8,22.6,6,13,7,8,3,-1,1,1
176,2011-10-09,15:00,Saracens,25,Newcastle,5,Vicarage Road,,30,H,15,Sun,Oct,2011,2011-12,20.0,11.4,11,8,7,18,3,-1,1,1
175,2011-10-09,15:00,Wasps,27,Bath,24,Adams Park,Andrew Small,51,H,15,Sun,Oct,2011,2011-12,29.4,29.0,12,0,7,0,3,0,1,1
177,2011-10-28,19:45,Sale,13,Leicester,34,Edgeley Park,Andrew Small,47,A,19,Fri,Oct,2011,2011-12,23.2,25.0,10,5,7,2,0,0,1,0
181,2011-10-29,15:00,Northampton,44,Newcastle,15,Franklin's Gardens,,59,H,15,Sat,Oct,2011,2011-12,31.2,17.8,9,8,7,3,2,-1,1,1
182,2011-10-29,17:45,Gloucester,17,Saracens,19,Kingsholm,Tim Wigglesworth,36,A,17,Sat,Oct,2011,2011-12,36.0,15.2,2,11,7,6,2,23,1,0
179,2011-10-29,14:30,London Irish,12,Bath,13,Madejski Stadium,,25,A,14,Sat,Oct,2011,2011-12,31.4,24.0,6,0,7,8,2,-1,1,0
180,2011-10-29,15:00,Harlequins,19,Exeter,13,Twickenham Stoop,Sean Davey,32,H,15,Sat,Oct,2011,2011-12,28.4,18.6,3,1,7,17,2,21,1,1
183,2011-11-04,19:45,Newcastle,16,Worcester,16,Kingston Park,Wayne Barnes,32,D,19,Fri,Nov,2011,2011-12,14.8,19.4,8,13,6,7,0,24,1,0
186,2011-11-05,15:05,Leicester,24,London Irish,24,Welford Road,Dave Pearson,48,D,15,Sat,Nov,2011,2011-12,20.0,26.4,5,6,6,19,2,4,1,0
185,2011-11-05,15:00,Exeter,19,Gloucester,24,Sandy Park,Andrew Small,43,A,15,Sat,Nov,2011,2011-12,19.8,16.8,1,2,6,12,2,0,1,0
184,2011-11-05,14:15,Bath,13,Harlequins,26,Recreation Ground,Dean Richards,39,A,14,Sat,Nov,2011,2011-12,27.2,19.8,0,3,6,9,2,7,1,0
187,2011-11-06,14:15,Wasps,13,Northampton,24,Adams Park,Tim Wigglesworth,37,A,14,Sun,Nov,2011,2011-12,28.2,28.6,12,9,6,0,3,23,1,0
188,2011-11-06,15:00,Saracens,23,Sale,10,Vicarage Road,Martin Fox,33,H,15,Sun,Nov,2011,2011-12,21.0,10.6,11,10,6,18,3,16,1,1
189,2011-11-25,19:45,Sale,23,Exeter,30,Edgeley Park,Tim Wigglesworth,53,A,19,Fri,Nov,2011,2011-12,21.8,25.0,10,1,6,2,0,23,1,0
191,2011-11-26,14:15,Gloucester,14,Leicester,19,Kingsholm,,33,A,14,Sat,Nov,2011,2011-12,34.0,16.0,2,5,6,6,2,-1,1,0
192,2011-11-26,15:00,London Irish,21,Wasps,17,Madejski Stadium,Sean Davey,38,H,15,Sat,Nov,2011,2011-12,28.8,24.2,6,12,6,8,2,21,1,1
193,2011-11-26,17:00,Northampton,30,Saracens,8,Franklin's Gardens,Dave Pearson,38,H,17,Sat,Nov,2011,2011-12,29.4,16.0,9,11,6,3,2,4,1,1
194,2011-11-27,15:00,Harlequins,39,Newcastle,8,Twickenham Stoop,,47,H,15,Sun,Nov,2011,2011-12,29.6,17.8,3,8,6,17,3,-1,1,1
195,2011-12-02,20:00,Newcastle,26,Gloucester,25,Kingston Park,Greg Garner,51,H,20,Fri,Dec,2011,2011-12,15.4,17.8,8,2,1,7,0,9,1,1
197,2011-12-03,14:15,Leicester,30,Northampton,25,Welford Road,Wayne Barnes,55,H,14,Sat,Dec,2011,2011-12,22.6,30.6,5,9,1,19,2,24,1,1
198,2011-12-03,15:00,Exeter,15,Worcester,9,Sandy Park,,24,H,15,Sat,Dec,2011,2011-12,21.2,15.0,1,13,1,12,2,-1,1,1
196,2011-12-03,14:15,Bath,13,Sale,16,Recreation Ground,,29,A,14,Sat,Dec,2011,2011-12,26.0,22.0,0,10,1,9,2,-1,1,0
199,2011-12-04,14:00,Saracens,15,London Irish,11,Vicarage Road,Andrew Small,26,H,14,Sun,Dec,2011,2011-12,18.6,10.2,11,6,1,18,3,0,1,1
200,2011-12-04,16:00,Wasps,16,Harlequins,22,Adams Park,Dean Richards,38,A,16,Sun,Dec,2011,2011-12,20.6,29.8,12,3,1,0,3,7,1,0
201,2011-12-24,15:15,Northampton,22,Bath,13,Franklin's Gardens,,35,H,15,Sat,Dec,2011,2011-12,29.2,12.8,9,0,1,3,2,-1,1,1
202,2011-12-26,14:30,Sale,27,Newcastle,19,Edgeley Park,Dave Pearson,46,H,14,Mon,Dec,2011,2011-12,21.6,25.0,10,8,1,2,1,4,1,1
203,2011-12-26,15:00,Gloucester,39,Wasps,10,Kingsholm,Greg Garner,49,H,15,Mon,Dec,2011,2011-12,23.2,16.4,2,12,1,6,1,9,1,1
205,2011-12-27,14:00,Worcester,13,Leicester,32,Sixways,,45,A,14,Tue,Dec,2011,2011-12,14.4,10.6,13,5,1,13,4,-1,1,0
204,2011-12-27,13:30,London Irish,29,Exeter,22,Madejski Stadium,Dean Richards,51,H,13,Tue,Dec,2011,2011-12,29.0,22.4,6,1,1,8,4,7,1,1
206,2011-12-27,16:30,Harlequins,11,Saracens,19,Twickenham Stadium,Wayne Barnes,30,A,16,Tue,Dec,2011,2011-12,34.8,16.2,3,11,1,16,4,24,1,0
207,2011-12-31,14:00,Newcastle,14,Northampton,32,Kingston Park,Tim Wigglesworth,46,A,14,Sat,Dec,2011,2011-12,18.4,20.0,8,9,1,7,2,23,1,0
208,2011-12-31,15:45,Exeter,9,Harlequins,11,Sandy Park,,20,A,15,Sat,Dec,2011,2011-12,20.0,15.2,1,3,1,12,2,-1,1,0
210,2012-01-01,15:00,Wasps,0,Worcester,6,Adams Park,Wayne Barnes,6,A,15,Sun,Jan,2012,2011-12,21.8,25.6,12,13,3,0,3,24,1,0
212,2012-01-01,15:30,Leicester,28,Sale,23,Welford Road,Andrew Small,51,H,15,Sun,Jan,2012,2011-12,25.0,31.2,5,10,3,19,3,0,1,1
209,2012-01-01,13:30,Bath,30,London Irish,3,Recreation Ground,Martin Fox,33,H,13,Sun,Jan,2012,2011-12,20.2,22.8,0,6,3,9,3,16,1,1
211,2012-01-01,15:00,Saracens,15,Gloucester,15,Vicarage Road,Sean Davey,30,D,15,Sun,Jan,2012,2011-12,19.2,10.4,11,2,3,18,3,21,1,0
213,2012-01-06,19:45,Northampton,24,Harlequins,3,Franklin's Gardens,Dave Pearson,27,H,19,Fri,Jan,2012,2011-12,28.4,10.6,9,3,3,3,0,4,1,1
214,2012-01-07,14:45,Worcester,21,Gloucester,15,Sixways,Martin Fox,36,H,14,Sat,Jan,2012,2011-12,13.6,14.6,13,2,3,13,2,16,1,1
216,2012-01-07,17:00,Leicester,19,Wasps,11,Welford Road,Tim Wigglesworth,30,H,17,Sat,Jan,2012,2011-12,25.0,29.8,5,12,3,19,2,23,1,1
215,2012-01-07,15:00,Newcastle,10,Exeter,16,Kingston Park,Andrew Small,26,A,15,Sat,Jan,2012,2011-12,19.4,22.0,8,1,3,7,2,0,1,0
217,2012-01-08,15:00,London Irish,21,Sale,19,Madejski Stadium,Wayne Barnes,40,H,15,Sun,Jan,2012,2011-12,30.0,21.0,6,10,3,8,3,24,1,1
218,2012-01-08,15:00,Saracens,26,Bath,19,Vicarage Road,,45,H,15,Sun,Jan,2012,2011-12,19.2,9.4,11,0,3,18,3,-1,1,1
219,2012-02-10,20:00,Sale,15,Worcester,12,Edgeley Park,Llyr ApGeraint-Roberts,27,H,20,Fri,Feb,2012,2011-12,21.0,23.0,10,13,2,2,0,13,1,1
223,2012-02-11,18:00,Exeter,19,Leicester,11,Sandy Park,Sean Davey,30,H,18,Sat,Feb,2012,2011-12,15.4,14.4,1,5,2,12,2,21,1,1
220,2012-02-11,14:00,Harlequins,30,London Irish,23,Twickenham Stoop,Tim Wigglesworth,53,H,14,Sat,Feb,2012,2011-12,31.8,17.4,3,6,2,17,2,23,1,1
221,2012-02-11,14:15,Bath,30,Newcastle,24,Recreation Ground,Dean Richards,54,H,14,Sat,Feb,2012,2011-12,21.0,17.8,0,8,2,9,2,7,1,1
222,2012-02-11,14:15,Gloucester,27,Northampton,24,Kingsholm,,51,H,14,Sat,Feb,2012,2011-12,25.2,16.8,2,9,2,6,2,-1,1,1
224,2012-02-12,13:15,Wasps,17,Saracens,22,Adams Park,Greg Garner,39,A,13,Sun,Feb,2012,2011-12,14.8,21.0,12,11,2,0,3,9,1,0
228,2012-02-18,15:00,Northampton,24,Sale,17,Franklin's Gardens,Greg Garner,41,H,15,Sat,Feb,2012,2011-12,30.6,8.4,9,10,2,3,2,9,1,1
227,2012-02-18,15:00,Newcastle,19,London Irish,10,Kingston Park,,29,H,15,Sat,Feb,2012,2011-12,16.2,19.8,8,6,2,7,2,-1,1,1
225,2012-02-18,14:30,Bath,11,Gloucester,14,Recreation Ground,Wayne Barnes,25,A,14,Sat,Feb,2012,2011-12,22.4,18.8,0,2,2,9,2,24,1,0
226,2012-02-18,15:00,Wasps,12,Exeter,15,Adams Park,Dave Pearson,27,A,15,Sat,Feb,2012,2011-12,14.6,19.6,12,1,2,0,2,4,1,0
229,2012-02-18,17:30,Harlequins,16,Worcester,14,Twickenham Stoop,,30,H,17,Sat,Feb,2012,2011-12,29.4,20.8,3,13,2,17,2,-1,1,1
230,2012-02-19,14:30,Saracens,19,Leicester,20,Vicarage Road,Andrew Small,39,A,14,Sun,Feb,2012,2011-12,20.8,12.0,11,5,2,18,3,0,1,0
232,2012-02-24,19:45,Worcester,16,Saracens,11,Sixways,,27,H,19,Fri,Feb,2012,2011-12,14.8,14.2,13,11,2,13,0,-1,1,1
231,2012-02-24,19:45,Sale,46,Wasps,34,Edgeley Park,Sean Davey,80,H,19,Fri,Feb,2012,2011-12,18.2,21.2,10,12,2,2,0,21,1,1
233,2012-02-25,15:00,Leicester,42,Newcastle,15,Welford Road,Greg Garner,57,H,15,Sat,Feb,2012,2011-12,23.8,22.0,5,8,2,19,2,9,1,1
234,2012-02-25,18:00,Exeter,9,Bath,12,Sandy Park,,21,A,18,Sat,Feb,2012,2011-12,15.0,14.4,1,0,2,12,2,-1,1,0
235,2012-02-25,18:00,Gloucester,29,Harlequins,23,Kingsholm,Dave Pearson,52,H,18,Sat,Feb,2012,2011-12,26.0,20.4,2,3,2,6,2,4,1,1
236,2012-02-26,13:15,London Irish,23,Northampton,30,Madejski Stadium,Andrew Small,53,A,13,Sun,Feb,2012,2011-12,25.0,19.0,6,9,2,8,3,0,1,0
237,2012-03-02,19:45,Newcastle,9,Harlequins,9,Kingston Park,Andrew Small,18,D,19,Fri,Mar,2012,2011-12,17.0,19.8,8,3,4,7,0,0,1,0
238,2012-03-03,14:15,Bath,36,Worcester,17,Recreation Ground,Greg Garner,53,H,14,Sat,Mar,2012,2011-12,19.4,16.6,0,13,4,9,2,9,1,1
239,2012-03-03,15:00,Exeter,37,Sale,12,Sandy Park,Dean Richards,49,H,15,Sat,Mar,2012,2011-12,14.2,13.4,1,10,4,12,2,7,1,1
240,2012-03-03,15:00,Wasps,18,London Irish,13,Adams Park,Martin Fox,31,H,15,Sat,Mar,2012,2011-12,11.6,17.8,12,6,4,0,2,16,1,1
241,2012-03-04,13:00,Leicester,36,Gloucester,3,Welford Road,Tim Wigglesworth,39,H,13,Sun,Mar,2012,2011-12,28.6,19.6,5,2,4,19,3,23,1,1
242,2012-03-04,17:00,Saracens,18,Northampton,12,Vicarage Road,,30,H,17,Sun,Mar,2012,2011-12,19.6,15.0,11,9,4,18,3,-1,1,1
243,2012-03-23,19:45,Sale,9,Saracens,45,Edgeley Park,Andrew Small,54,A,19,Fri,Mar,2012,2011-12,24.8,25.8,10,11,4,2,0,0,1,0
244,2012-03-23,19:45,Worcester,19,Newcastle,9,Sixways,,28,H,19,Fri,Mar,2012,2011-12,15.6,15.8,13,8,4,13,0,-1,1,1
247,2012-03-24,17:45,Northampton,32,Wasps,15,Franklin's Gardens,Tim Wigglesworth,47,H,17,Sat,Mar,2012,2011-12,28.8,11.2,9,12,4,3,2,23,1,1
245,2012-03-24,14:15,Harlequins,14,Bath,6,Twickenham Stoop,Wayne Barnes,20,H,14,Sat,Mar,2012,2011-12,23.0,15.4,3,0,4,17,2,24,1,1
246,2012-03-24,15:00,Gloucester,27,Exeter,28,Kingsholm,Greg Garner,55,A,15,Sat,Mar,2012,2011-12,25.2,19.0,2,1,4,6,2,9,1,0
248,2012-03-25,15:00,London Irish,32,Leicester,41,Madejski Stadium,Dean Richards,73,A,15,Sun,Mar,2012,2011-12,21.2,20.2,6,5,4,8,3,7,1,0
250,2012-03-30,19:45,Newcastle,22,Sale,19,Kingston Park,,41,H,19,Fri,Mar,2012,2011-12,15.6,18.4,8,10,4,7,0,-1,1,1
249,2012-03-30,19:45,Leicester,43,Worcester,13,Welford Road,Wayne Barnes,56,H,19,Fri,Mar,2012,2011-12,31.0,15.4,5,13,4,19,0,24,1,1
253,2012-03-31,17:30,Bath,6,Northampton,26,Recreation Ground,Martin Fox,32,A,17,Sat,Mar,2012,2011-12,24.0,14.8,0,9,4,9,2,16,1,0
251,2012-03-31,15:00,Exeter,18,London Irish,11,Sandy Park,Dave Pearson,29,H,15,Sat,Mar,2012,2011-12,17.8,11.0,1,6,4,12,2,4,1,1
252,2012-03-31,15:00,Saracens,19,Harlequins,24,Wembley Stadium,Greg Garner,43,A,15,Sat,Mar,2012,2011-12,18.6,15.4,11,3,4,20,2,9,1,0
254,2012-04-01,15:00,Wasps,26,Gloucester,24,Adams Park,,50,H,15,Sun,Apr,2012,2011-12,12.6,15.6,12,2,0,0,3,-1,1,1
255,2012-04-13,19:45,Sale,16,Bath,9,Edgeley Park,Greg Garner,25,H,19,Fri,Apr,2012,2011-12,24.0,28.0,10,0,0,2,0,9,1,1
259,2012-04-14,15:00,Worcester,26,Exeter,31,Sixways,Dean Richards,57,A,15,Sat,Apr,2012,2011-12,17.0,14.8,13,1,0,13,2,7,1,0
258,2012-04-14,15:00,London Irish,19,Saracens,28,Madejski Stadium,Martin Fox,47,A,15,Sat,Apr,2012,2011-12,25.2,25.8,6,11,0,8,2,16,1,0
257,2012-04-14,15:00,Gloucester,20,Newcastle,29,Kingsholm,Tim Wigglesworth,49,A,15,Sat,Apr,2012,2011-12,27.2,20.8,2,8,0,6,2,23,1,0
256,2012-04-14,14:15,Northampton,21,Leicester,35,Franklin's Gardens,Dave Pearson,56,A,14,Sat,Apr,2012,2011-12,26.4,11.2,9,5,0,3,2,4,1,0
260,2012-04-14,16:30,Harlequins,33,Wasps,17,Twickenham Stoop,,50,H,16,Sat,Apr,2012,2011-12,22.0,14.0,3,12,0,17,2,-1,1,1
261,2012-04-20,19:45,Newcastle,3,Saracens,9,Kingston Park,,12,A,19,Fri,Apr,2012,2011-12,14.8,17.2,8,11,0,7,0,-1,1,0
262,2012-04-21,14:15,Bath,17,Wasps,12,Recreation Ground,Dave Pearson,29,H,14,Sat,Apr,2012,2011-12,22.6,16.8,0,12,0,9,2,4,1,1
265,2012-04-21,15:15,Harlequins,33,Leicester,43,Twickenham Stoop,Wayne Barnes,76,A,15,Sat,Apr,2012,2011-12,20.8,15.8,3,5,0,17,2,24,1,0
264,2012-04-21,15:00,Worcester,16,London Irish,25,Sixways,Tim Wigglesworth,41,A,15,Sat,Apr,2012,2011-12,19.0,19.6,13,6,0,13,2,23,1,0
263,2012-04-21,15:00,Gloucester,19,Sale,24,Kingsholm,,43,A,15,Sat,Apr,2012,2011-12,28.4,22.8,2,10,0,6,2,-1,1,0
266,2012-04-22,14:00,Exeter,15,Northampton,18,Sandy Park,Andrew Small,33,A,14,Sun,Apr,2012,2011-12,18.4,11.4,1,9,0,12,3,0,1,0
268,2012-05-05,14:00,London Irish,52,Gloucester,18,Madejski Stadium,Dave Pearson,70,H,14,Sat,May,2012,2011-12,24.8,28.0,6,2,5,8,2,4,1,1
269,2012-05-05,14:00,Wasps,10,Newcastle,14,Adams Park,Wayne Barnes,24,A,14,Sat,May,2012,2011-12,14.6,16.0,12,8,5,0,2,24,1,0
271,2012-05-05,14:00,Sale,10,Harlequins,24,Edgeley Park,Martin Fox,34,A,14,Sat,May,2012,2011-12,22.6,23.8,10,3,5,2,2,16,1,0
272,2012-05-05,14:00,Saracens,40,Exeter,22,Vicarage Road,Tim Wigglesworth,62,H,14,Sat,May,2012,2011-12,19.4,18.0,11,1,5,18,2,23,1,1
270,2012-05-05,14:00,Northampton,42,Worcester,14,Franklin's Gardens,Greg Garner,56,H,14,Sat,May,2012,2011-12,24.6,16.6,9,13,5,3,2,9,1,1
267,2012-05-05,14:00,Leicester,28,Bath,3,Welford Road,Dean Richards,31,H,14,Sat,May,2012,2011-12,33.6,13.0,5,0,5,19,2,7,1,1
273,2012-05-12,14:45,Harlequins,25,Northampton,23,Twickenham Stoop,Andrew Small (England),48,H,14,Sat,May,2012,2011-12,25.2,20.6,3,9,5,17,2,1,1,1
274,2012-05-12,17:30,Leicester,24,Saracens,15,Welford Road,Dave Pearson (England),39,H,17,Sat,May,2012,2011-12,33.6,9.0,5,11,5,19,2,5,1,1
275,2012-05-26,15:00,Harlequins,30,Leicester,23,Twickenham Stadium,Wayne Barnes,53,H,15,Sat,May,2012,2011-12,24.2,20.6,3,5,5,16,2,24,1,1
279,2012-09-01,15:00,Worcester,23,Bath,24,Sixways,,47,A,15,Sat,Sep,2012,2012-13,19.6,18.2,13,0,8,13,2,-1,2,0
278,2012-09-01,15:00,Gloucester,19,Northampton,24,Kingsholm,,43,A,15,Sat,Sep,2012,2012-13,24.4,25.6,2,9,8,6,2,-1,2,0
280,2012-09-01,16:30,Saracens,40,London Irish,3,Twickenham Stadium,,43,H,16,Sat,Sep,2012,2012-13,24.4,19.4,11,6,8,16,2,-1,2,1
277,2012-09-01,15:00,Exeter,43,Sale,6,Sandy Park,,49,H,15,Sat,Sep,2012,2012-13,19.6,12.8,1,10,8,12,2,-1,2,1
276,2012-09-01,14:00,Wasps,40,Harlequins,42,Twickenham Stadium,,82,A,14,Sat,Sep,2012,2012-13,16.6,17.6,12,3,8,16,2,-1,2,0
282,2012-09-07,19:45,Harlequins,40,London Welsh,3,Twickenham Stoop,,43,H,19,Fri,Sep,2012,2012-13,27.0,22.4,3,7,8,17,0,-1,2,1
283,2012-09-08,14:15,Bath,30,Wasps,23,The Recreation Ground,,53,H,14,Sat,Sep,2012,2012-13,20.0,18.6,0,12,8,15,2,-1,2,1
285,2012-09-08,15:00,London Irish,31,Gloucester,40,Madejski Stadium,,71,A,15,Sat,Sep,2012,2012-13,29.4,27.2,6,2,8,8,2,-1,2,0
284,2012-09-08,15:00,Leicester,34,Worcester,26,Welford Road,,60,H,15,Sat,Sep,2012,2012-13,34.6,9.8,5,13,8,19,2,-1,2,1
286,2012-09-08,16:30,Sale,16,Saracens,23,Salford City Stadium,,39,A,16,Sat,Sep,2012,2012-13,19.2,24.8,10,11,8,11,2,-1,2,0
287,2012-09-09,15:00,Northampton,24,Exeter,21,Franklin's Gardens,,45,H,15,Sun,Sep,2012,2012-13,28.6,16.8,9,1,8,3,3,-1,2,1
288,2012-09-14,19:45,Bath,14,Northampton,18,The Recreation Ground,,32,A,19,Fri,Sep,2012,2012-13,20.0,18.4,0,9,8,15,0,-1,2,0
289,2012-09-15,13:30,Worcester,16,Gloucester,16,Sixways,,32,D,13,Sat,Sep,2012,2012-13,20.0,20.0,13,2,8,13,2,-1,2,0
292,2012-09-15,15:30,Saracens,9,Leicester,9,Wembley Stadium,,18,D,15,Sat,Sep,2012,2012-13,27.2,16.2,11,5,8,20,2,-1,2,0
290,2012-09-15,15:00,Harlequins,37,Sale,14,Twickenham Stoop,,51,H,15,Sat,Sep,2012,2012-13,32.2,21.8,3,10,8,17,2,-1,2,1
291,2012-09-15,15:00,Wasps,43,London Irish,14,Adams Park,,57,H,15,Sat,Sep,2012,2012-13,21.2,21.6,12,6,8,0,2,-1,2,1
294,2012-09-21,20:00,Sale,19,London Welsh,29,Salford City Stadium,,48,A,20,Fri,Sep,2012,2012-13,19.4,27.0,10,7,8,11,0,-1,2,0
296,2012-09-22,15:00,Northampton,37,Worcester,31,Franklin's Gardens,,68,H,15,Sat,Sep,2012,2012-13,28.6,20.4,9,13,8,3,2,-1,2,1
297,2012-09-22,15:15,Gloucester,29,Wasps,22,Kingsholm,,51,H,15,Sat,Sep,2012,2012-13,22.8,25.6,2,12,8,6,2,-1,2,1
295,2012-09-22,15:00,London Irish,29,Bath,22,Madejski Stadium,,51,H,15,Sat,Sep,2012,2012-13,31.4,31.4,6,0,8,8,2,-1,2,1
298,2012-09-22,17:30,Leicester,9,Harlequins,22,Welford Road,,31,A,17,Sat,Sep,2012,2012-13,33.0,12.0,5,3,8,19,2,-1,2,0
299,2012-09-23,14:15,Exeter,14,Saracens,12,Sandy Park,,26,H,14,Sun,Sep,2012,2012-13,24.4,11.8,1,11,8,12,3,-1,2,1
301,2012-09-28,20:00,Worcester,35,London Irish,11,Sixways,,46,H,20,Fri,Sep,2012,2012-13,20.0,21.0,13,6,8,13,0,-1,2,1
300,2012-09-28,19:45,Northampton,24,Wasps,6,Franklin's Gardens,,30,H,19,Fri,Sep,2012,2012-13,31.2,23.2,9,12,8,3,0,-1,2,1
302,2012-09-29,14:15,Bath,31,Sale,10,The Recreation Ground,,41,H,14,Sat,Sep,2012,2012-13,20.6,19.2,0,10,8,15,2,-1,2,1
303,2012-09-29,14:15,Leicester,30,Exeter,8,Welford Road,,38,H,14,Sat,Sep,2012,2012-13,27.6,15.8,5,1,8,19,2,-1,2,1
304,2012-09-30,14:00,Harlequins,16,Saracens,18,Twickenham Stoop,,34,A,14,Sun,Sep,2012,2012-13,33.0,21.2,3,11,8,17,3,-1,2,0
306,2012-10-05,20:00,Sale,8,Leicester,20,Salford City Stadium,,28,A,20,Fri,Oct,2012,2012-13,14.0,26.0,10,5,7,11,0,-1,2,0
309,2012-10-06,15:00,London Irish,39,Northampton,17,Madejski Stadium,,56,H,15,Sat,Oct,2012,2012-13,32.6,29.8,6,9,7,8,2,-1,2,1
308,2012-10-06,15:00,Exeter,42,Harlequins,28,Sandy Park,,70,H,15,Sat,Oct,2012,2012-13,25.4,11.8,1,3,7,12,2,-1,2,1
307,2012-10-06,14:15,Gloucester,16,Bath,10,Kingsholm,,26,H,14,Sat,Oct,2012,2012-13,22.8,25.4,2,0,7,6,2,-1,2,1
311,2012-10-07,15:00,Wasps,10,Worcester,6,Adams Park,,16,H,15,Sun,Oct,2012,2012-13,27.4,21.4,12,13,7,0,3,-1,2,1
312,2012-10-26,20:00,Worcester,23,Sale,16,Sixways,,39,H,20,Fri,Oct,2012,2012-13,23.2,21.4,13,10,7,13,0,-1,2,1
314,2012-10-27,15:00,Northampton,6,Saracens,16,Franklin's Gardens,,22,A,15,Sat,Oct,2012,2012-13,29.6,21.4,9,11,7,3,2,-1,2,0
313,2012-10-27,14:30,Bath,23,Exeter,15,The Recreation Ground,,38,H,14,Sat,Oct,2012,2012-13,19.6,17.8,0,1,7,15,2,-1,2,1
315,2012-10-27,16:45,Gloucester,27,Leicester,21,Kingsholm,,48,H,16,Sat,Oct,2012,2012-13,20.6,21.8,2,5,7,6,2,-1,2,1
317,2012-10-28,15:00,Wasps,29,London Welsh,19,Adams Park,,48,H,15,Sun,Oct,2012,2012-13,25.8,20.0,12,7,7,0,3,-1,2,1
316,2012-10-28,14:15,London Irish,28,Harlequins,31,Madejski Stadium,,59,A,14,Sun,Oct,2012,2012-13,34.0,25.0,6,3,7,8,3,-1,2,0
318,2012-11-02,20:00,Sale,21,London Irish,9,Salford City Stadium,,30,H,20,Fri,Nov,2012,2012-13,13.8,21.0,10,6,6,11,0,-1,2,1
319,2012-11-03,14:15,Leicester,16,Northampton,12,Welford Road,,28,H,14,Sat,Nov,2012,2012-13,25.0,14.8,5,9,6,19,2,-1,2,1
321,2012-11-03,17:15,Harlequins,28,Gloucester,25,Twickenham Stoop,,53,H,17,Sat,Nov,2012,2012-13,29.6,16.2,3,2,6,17,2,-1,2,1
320,2012-11-03,15:00,Exeter,33,Worcester,9,Sandy Park,,42,H,15,Sat,Nov,2012,2012-13,26.4,15.0,1,13,6,12,2,-1,2,1
322,2012-11-04,14:15,Saracens,29,Wasps,24,Vicarage Road,,53,H,14,Sun,Nov,2012,2012-13,25.2,14.0,11,12,6,18,3,-1,2,1
324,2012-11-23,19:45,Bath,21,Harlequins,18,The Recreation Ground,,39,H,19,Fri,Nov,2012,2012-13,23.0,15.6,0,3,6,15,0,-1,2,1
325,2012-11-23,20:00,Worcester,12,Saracens,3,Sixways,,15,H,20,Fri,Nov,2012,2012-13,22.6,18.4,13,11,6,13,0,-1,2,1
326,2012-11-24,12:00,Gloucester,29,Sale,3,Kingsholm,,32,H,12,Sat,Nov,2012,2012-13,22.0,20.2,2,10,6,6,2,-1,2,1
327,2012-11-24,13:00,Northampton,23,London Welsh,16,Franklin's Gardens,,39,H,13,Sat,Nov,2012,2012-13,26.6,17.6,9,7,6,3,2,-1,2,1
329,2012-11-25,15:00,London Irish,23,Exeter,27,Madejski Stadium,,50,A,15,Sun,Nov,2012,2012-13,35.8,25.6,6,1,6,8,3,-1,2,0
328,2012-11-25,14:30,Wasps,14,Leicester,12,Adams Park,,26,H,14,Sun,Nov,2012,2012-13,26.4,19.0,12,5,6,0,3,-1,2,1
331,2012-11-30,20:00,Sale,16,Northampton,27,Salford City Stadium,,43,A,20,Fri,Nov,2012,2012-13,14.8,21.0,10,9,6,11,0,-1,2,0
330,2012-11-30,19:45,Harlequins,22,Worcester,19,Twickenham Stoop,,41,H,19,Fri,Nov,2012,2012-13,30.2,16.6,3,13,6,17,0,-1,2,1
332,2012-12-01,12:30,Leicester,17,Bath,12,Welford Road,,29,H,12,Sat,Dec,2012,2012-13,22.6,16.6,5,0,1,19,2,-1,2,1
333,2012-12-01,13:00,London Welsh,15,London Irish,9,Kassam Stadium,,24,H,13,Sat,Dec,2012,2012-13,20.4,26.0,7,6,1,5,2,-1,2,1
334,2012-12-01,17:30,Exeter,30,Wasps,23,Sandy Park,,53,H,17,Sat,Dec,2012,2012-13,29.4,14.6,1,12,1,12,2,-1,2,1
335,2012-12-02,15:00,Saracens,28,Gloucester,23,Vicarage Road,,51,H,15,Sun,Dec,2012,2012-13,27.4,16.4,11,2,1,18,3,-1,2,1
336,2012-12-21,20:00,Worcester,13,London Welsh,6,Sixways,,19,H,20,Fri,Dec,2012,2012-13,21.8,14.0,13,7,1,13,0,-1,2,1
340,2012-12-22,15:00,Northampton,9,Harlequins,18,Franklin's Gardens,,27,A,15,Sat,Dec,2012,2012-13,22.8,18.0,9,3,1,3,2,-1,2,0
337,2012-12-22,14:15,Bath,0,Saracens,22,The Recreation Ground,,22,A,14,Sat,Dec,2012,2012-13,23.8,16.8,0,11,1,15,2,-1,2,0
338,2012-12-22,15:00,Gloucester,18,Exeter,16,Kingsholm,,34,H,15,Sat,Dec,2012,2012-13,24.0,16.0,2,1,1,6,2,-1,2,1
339,2012-12-22,15:00,London Irish,9,Leicester,31,Madejski Stadium,,40,A,15,Sat,Dec,2012,2012-13,30.0,27.4,6,5,1,8,2,-1,2,0
341,2012-12-23,15:00,Wasps,25,Sale,18,Adams Park,,43,H,15,Sun,Dec,2012,2012-13,27.2,18.6,12,10,1,0,3,-1,2,1
342,2012-12-28,20:00,Sale,33,Worcester,27,Salford City Stadium,,60,H,20,Fri,Dec,2012,2012-13,16.0,21.6,10,13,1,11,0,-1,2,1
343,2012-12-29,14:15,Harlequins,26,London Irish,15,Twickenham Stadium,,41,H,14,Sat,Dec,2012,2012-13,28.6,15.8,3,6,1,16,2,-1,2,1
346,2012-12-29,17:00,Leicester,17,Gloucester,12,Welford Road,,29,H,17,Sat,Dec,2012,2012-13,21.2,16.0,5,2,1,19,2,-1,2,1
345,2012-12-29,15:00,London Welsh,15,Wasps,34,Kassam Stadium,,49,A,15,Sat,Dec,2012,2012-13,20.8,20.2,7,12,1,5,2,-1,2,0
344,2012-12-29,15:00,Exeter,12,Bath,12,Sandy Park,,24,D,15,Sat,Dec,2012,2012-13,32.4,15.6,1,0,1,12,2,-1,2,0
347,2012-12-30,14:15,Saracens,17,Northampton,16,Stadium mk,,33,H,14,Sun,Dec,2012,2012-13,29.2,16.2,11,9,1,14,3,-1,2,1
348,2013-01-04,20:00,Worcester,14,Leicester,19,Sixways,JP Doyle,33,A,20,Fri,Jan,2013,2012-13,19.8,10.4,13,5,3,13,0,12,2,0
349,2013-01-05,15:00,Exeter,19,Northampton,30,Sandy Park,Greg Garner,49,A,15,Sat,Jan,2013,2012-13,26.2,16.8,1,9,3,12,2,9,2,0
350,2013-01-05,15:00,Gloucester,12,London Irish,18,Kingsholm,David Rose,30,A,15,Sat,Jan,2013,2012-13,23.8,14.4,2,6,3,6,2,6,2,0
353,2013-01-06,15:00,Saracens,32,Sale,12,Vicarage Road,Tim Wigglesworth,44,H,15,Sun,Jan,2013,2012-13,24.6,15.0,11,10,3,18,3,23,2,1
351,2013-01-06,15:00,Wasps,29,Bath,15,Adams Park,Andrew Small,44,H,15,Sun,Jan,2013,2012-13,24.2,13.8,12,0,3,0,3,0,2,1
352,2013-01-06,15:00,London Welsh,26,Harlequins,31,Kassam Stadium,Llyr Apgeraint-Roberts,57,A,15,Sun,Jan,2013,2012-13,18.8,22.2,7,3,3,5,3,14,2,0
354,2013-02-08,20:00,Sale,21,Exeter,16,Salford City Stadium,Greg Garner,37,H,20,Fri,Feb,2013,2012-13,19.4,22.4,10,1,2,11,0,9,2,1
357,2013-02-09,15:00,Leicester,28,London Welsh,12,Welford Road,Tim Wigglesworth,40,H,15,Sat,Feb,2013,2012-13,17.8,13.2,5,7,2,19,2,23,2,1
355,2013-02-09,12:30,Northampton,11,Gloucester,27,Franklin's Gardens,Martin Fox,38,A,12,Sat,Feb,2013,2012-13,19.8,17.4,9,2,2,3,2,16,2,0
359,2013-02-09,20:00,Harlequins,16,Wasps,17,Twickenham Stoop,JP Doyle,33,A,20,Sat,Feb,2013,2012-13,25.8,18.2,3,12,2,17,2,12,2,0
358,2013-02-09,15:00,London Irish,29,Saracens,16,Madejski Stadium,Andrew Small,45,H,15,Sat,Feb,2013,2012-13,25.6,25.6,6,11,2,8,2,0,2,1
356,2013-02-09,14:15,Bath,32,Worcester,9,The Recreation Ground,Wayne Barnes,41,H,14,Sat,Feb,2013,2012-13,17.8,16.6,0,13,2,15,2,24,2,1
361,2013-02-16,15:00,Saracens,31,Exeter,11,Allianz Park,Martin Fox,42,H,15,Sat,Feb,2013,2012-13,23.0,16.8,11,1,2,1,2,16,2,1
362,2013-02-16,15:00,Worcester,18,Northampton,27,Sixways,Greg Garner,45,A,15,Sat,Feb,2013,2012-13,19.4,11.0,13,9,2,13,2,9,2,0
363,2013-02-16,17:15,Harlequins,25,Leicester,21,Twickenham Stoop,Wayne Barnes,46,H,17,Sat,Feb,2013,2012-13,21.6,18.8,3,5,2,17,2,24,2,1
360,2013-02-16,14:15,Bath,40,London Irish,16,The Recreation Ground,David Rose,56,H,14,Sat,Feb,2013,2012-13,21.4,14.8,0,6,2,15,2,6,2,1
365,2013-02-17,15:00,London Welsh,25,Sale,26,Kassam Stadium,JP Doyle,51,A,15,Sun,Feb,2013,2012-13,19.0,22.2,7,10,2,5,3,12,2,0
364,2013-02-17,13:00,Wasps,33,Gloucester,29,Adams Park,Andrew Small,62,H,13,Sun,Feb,2013,2012-13,21.4,14.0,12,2,2,0,3,0,2,1
367,2013-02-22,20:00,Sale,21,Harlequins,30,Salford City Stadium,Martin Fox,51,A,20,Fri,Feb,2013,2012-13,19.8,19.8,10,3,2,11,0,16,2,0
366,2013-02-22,19:45,Gloucester,29,Worcester,23,Kingsholm,David Rose,52,H,19,Fri,Feb,2013,2012-13,20.4,13.6,2,13,2,6,0,6,2,1
370,2013-02-23,20:00,Leicester,27,Saracens,32,Welford Road,JP Doyle,59,A,20,Sat,Feb,2013,2012-13,21.6,11.2,5,11,2,19,2,12,2,0
368,2013-02-23,15:00,Exeter,47,London Welsh,16,Sandy Park,Andrew Small,63,H,15,Sat,Feb,2013,2012-13,27.2,20.4,1,7,2,12,2,0,2,1
369,2013-02-23,15:00,Northampton,25,Bath,23,Franklin's Gardens,Luke Pearce,48,H,15,Sat,Feb,2013,2012-13,14.6,16.6,9,0,2,3,2,15,2,1
371,2013-02-24,15:00,London Irish,30,Wasps,19,Madejski Stadium,Tim Wigglesworth,49,H,15,Sun,Feb,2013,2012-13,25.6,24.4,6,12,2,8,3,23,2,1
372,2013-03-01,20:00,Bath,31,Gloucester,25,The Recreation Ground,Tim Wigglesworth,56,H,20,Fri,Mar,2013,2012-13,23.2,16.0,0,2,4,15,0,23,2,1
373,2013-03-01,20:00,Worcester,29,Wasps,23,Sixways,Greg Garner,52,H,20,Fri,Mar,2013,2012-13,16.0,14.2,13,12,4,13,0,9,2,1
376,2013-03-02,15:15,Harlequins,16,Exeter,27,Twickenham Stoop,David Rose,43,A,15,Sat,Mar,2013,2012-13,23.4,19.4,3,1,4,17,2,6,2,0
375,2013-03-02,15:00,Northampton,40,London Irish,14,Franklin's Gardens,JP Doyle,54,H,15,Sat,Mar,2013,2012-13,14.8,20.0,9,6,4,3,2,12,2,1
374,2013-03-02,15:00,Leicester,48,Sale,10,Welford Road,Wayne Barnes,58,H,15,Sat,Mar,2013,2012-13,21.0,16.0,5,10,4,19,2,24,2,1
377,2013-03-03,14:15,Saracens,35,London Welsh,14,Allianz Park,Luke Pearce,49,H,14,Sun,Mar,2013,2012-13,27.4,17.2,11,7,4,1,3,15,2,1
378,2013-03-22,20:00,Sale,14,Bath,13,Salford City Stadium,JP Doyle,27,H,20,Fri,Mar,2013,2012-13,22.4,21.8,10,0,4,11,0,12,2,1
379,2013-03-23,15:00,Gloucester,15,London Welsh,14,Kingsholm,Martin Fox,29,H,15,Sat,Mar,2013,2012-13,23.0,16.2,2,7,4,6,2,16,2,1
382,2013-03-23,17:00,Exeter,9,Leicester,12,Sandy Park,Tim Wigglesworth,21,A,17,Sat,Mar,2013,2012-13,28.2,18.0,1,5,4,12,2,23,2,0
381,2013-03-23,15:15,Wasps,24,Northampton,26,Adams Park,David Rose,50,A,15,Sat,Mar,2013,2012-13,26.0,18.6,12,9,4,0,2,6,2,0
380,2013-03-23,15:00,London Irish,26,Worcester,6,Madejski Stadium,Wayne Barnes,32,H,15,Sat,Mar,2013,2012-13,23.8,24.8,6,13,4,8,2,24,2,1
383,2013-03-24,14:00,Saracens,27,Harlequins,12,Allianz Park,Greg Garner,39,H,14,Sun,Mar,2013,2012-13,28.6,15.2,11,3,4,1,3,9,2,1
384,2013-03-29,19:45,Gloucester,17,Harlequins,15,Kingsholm,JP Doyle,32,H,19,Fri,Mar,2013,2012-13,20.6,14.8,2,3,4,6,0,12,2,1
385,2013-03-30,14:15,Bath,40,London Welsh,25,The Recreation Ground,Tim Wigglesworth,65,H,14,Sat,Mar,2013,2012-13,24.8,18.0,0,7,4,15,2,23,2,1
388,2013-03-30,15:00,Worcester,18,Exeter,24,Sixways,David Rose,42,A,15,Sat,Mar,2013,2012-13,17.2,15.6,13,1,4,13,2,6,2,0
386,2013-03-30,15:00,Wasps,13,Saracens,22,Adams Park,Martin Fox,35,A,15,Sat,Mar,2013,2012-13,25.0,20.0,12,11,4,0,2,16,2,0
387,2013-03-30,15:00,Northampton,8,Leicester,36,Franklin's Gardens,Wayne Barnes,44,A,15,Sat,Mar,2013,2012-13,21.6,19.6,9,5,4,3,2,24,2,0
389,2013-03-31,14:15,London Irish,33,Sale,33,Madejski Stadium,Greg Garner,66,D,14,Sun,Mar,2013,2012-13,23.4,19.8,6,10,4,8,3,9,2,0
390,2013-04-12,19:45,Sale,32,Gloucester,9,Salford City Stadium,David Rose,41,H,19,Fri,Apr,2013,2012-13,21.0,22.6,10,2,0,11,0,6,2,1
392,2013-04-13,15:00,Exeter,27,London Irish,6,Sandy Park,Martin Fox,33,H,15,Sat,Apr,2013,2012-13,23.4,18.6,1,6,0,12,2,16,2,1
391,2013-04-13,14:15,Harlequins,23,Bath,9,Twickenham Stoop,Wayne Barnes,32,H,14,Sat,Apr,2013,2012-13,21.0,19.8,3,0,0,17,2,24,2,1
395,2013-04-14,15:45,Leicester,35,Wasps,16,Welford Road,JP Doyle,51,H,15,Sun,Apr,2013,2012-13,27.4,15.6,5,12,0,19,3,12,2,1
393,2013-04-14,15:00,London Welsh,14,Northampton,31,Kassam Stadium,Greg Garner,45,A,15,Sun,Apr,2013,2012-13,19.4,21.8,7,9,0,5,3,9,2,0
394,2013-04-14,15:00,Saracens,47,Worcester,17,Allianz Park,Tim Wigglesworth,64,H,15,Sun,Apr,2013,2012-13,28.4,13.0,11,13,0,1,3,23,2,1
397,2013-04-20,15:00,Gloucester,28,Saracens,23,Kingsholm,JP Doyle,51,H,15,Sat,Apr,2013,2012-13,18.2,17.2,2,11,0,6,2,12,2,1
398,2013-04-20,15:00,London Irish,47,London Welsh,28,Madejski Stadium,Dean Richards,75,H,15,Sat,Apr,2013,2012-13,25.4,21.0,6,7,0,8,2,7,2,1
400,2013-04-20,17:45,Northampton,47,Sale,7,Franklin's Gardens,Luke Pearce,54,H,17,Sat,Apr,2013,2012-13,18.6,23.6,9,10,0,3,2,15,2,1
399,2013-04-20,15:00,Worcester,26,Harlequins,42,Sixways,Martin Fox,68,A,15,Sat,Apr,2013,2012-13,18.4,19.8,13,3,0,13,2,16,2,0
396,2013-04-20,14:15,Bath,27,Leicester,26,The Recreation Ground,Tim Wigglesworth,53,H,14,Sat,Apr,2013,2012-13,28.6,19.4,0,5,0,15,2,23,2,1
401,2013-04-21,14:00,Wasps,24,Exeter,37,Adams Park,Wayne Barnes,61,A,14,Sun,Apr,2013,2012-13,24.8,22.0,12,1,0,0,3,24,2,0
404,2013-05-04,15:00,Leicester,32,London Irish,20,Welford Road,Luke Pearce,52,H,15,Sat,May,2013,2012-13,31.0,16.4,5,6,5,19,2,15,2,1
406,2013-05-04,15:00,Sale,21,Wasps,20,Salford City Stadium,Dean Richards,41,H,15,Sat,May,2013,2012-13,24.2,19.0,10,12,5,11,2,7,2,1
405,2013-05-04,15:00,London Welsh,33,Worcester,22,Kassam Stadium,Matt Carley,55,H,15,Sat,May,2013,2012-13,19.0,26.2,7,13,5,5,2,17,2,1
407,2013-05-04,15:00,Saracens,23,Bath,14,Allianz Park,Martin Fox,37,H,15,Sat,May,2013,2012-13,34.4,13.2,11,0,5,1,2,16,2,1
402,2013-05-04,15:00,Exeter,40,Gloucester,39,Sandy Park,Greg Garner,79,H,15,Sat,May,2013,2012-13,22.8,15.2,1,2,5,12,2,9,2,1
403,2013-05-04,15:00,Harlequins,22,Northampton,19,Twickenham Stoop,Tim Wigglesworth,41,H,15,Sat,May,2013,2012-13,21.2,17.8,3,9,5,17,2,23,2,1
408,2013-05-11,15:00,Leicester,33,Harlequins,16,Welford Road,Greg Garner,49,H,15,Sat,May,2013,2012-13,34.0,18.0,5,3,5,19,2,9,2,1
409,2013-05-12,15:00,Saracens,13,Northampton,27,Allianz Park,JP Doyle,40,A,15,Sun,May,2013,2012-13,32.6,13.6,11,9,5,1,3,12,2,0
410,2013-05-25,15:00,Leicester,37,Northampton,17,Twickenham Stadium,Wayne Barnes,54,H,15,Sat,May,2013,2012-13,35.0,18.8,5,9,5,16,2,24,2,1
411,2013-09-06,19:45,Newcastle,0,Bath,21,Kingston Park,Wayne Barnes,21,A,19,Fri,Sep,2013,2013-14,12.6,12.6,8,0,8,7,0,24,3,0
412,2013-09-07,14:00,London Irish,20,Saracens,42,Twickenham Stadium,Greg Garner,62,A,14,Sat,Sep,2013,2013-14,33.0,20.4,6,11,8,16,2,9,3,0
414,2013-09-07,15:00,Northampton,38,Exeter,11,Franklin's Gardens,JP Doyle,49,H,15,Sat,Sep,2013,2013-14,26.2,21.4,9,1,8,3,2,12,3,1
415,2013-09-07,16:30,Wasps,15,Harlequins,16,Twickenham Stadium,Tim Wigglesworth,31,A,16,Sat,Sep,2013,2013-14,24.6,25.8,12,3,8,16,2,23,3,0
413,2013-09-07,15:00,Gloucester,16,Sale,22,Kingsholm,Andrew Small,38,A,15,Sat,Sep,2013,2013-14,20.2,18.6,2,10,8,6,2,0,3,0
416,2013-09-08,14:00,Leicester,32,Worcester,15,Welford Road,Luke Pearce,47,H,14,Sun,Sep,2013,2013-14,37.0,15.8,5,13,8,19,3,15,3,1
418,2013-09-13,20:00,Sale,14,Newcastle,15,Salford City Stadium,Luke Pearce,29,A,20,Fri,Sep,2013,2013-14,21.8,17.6,10,8,8,11,0,15,3,0
417,2013-09-13,19:45,Harlequins,6,Northampton,13,Twickenham Stoop,Andrew Small,19,A,19,Fri,Sep,2013,2013-14,20.4,18.6,3,9,8,17,0,0,3,0
421,2013-09-14,15:15,Bath,27,Leicester,20,The Recreation Ground,Greg Garner,47,H,15,Sat,Sep,2013,2013-14,34.0,20.2,0,5,8,15,2,9,3,1
419,2013-09-14,15:00,Exeter,30,Wasps,26,Sandy Park,Martin Fox,56,H,15,Sat,Sep,2013,2013-14,28.4,20.6,1,12,8,12,2,16,3,1
420,2013-09-14,15:00,Worcester,18,London Irish,20,Sixways,Tim Wigglesworth,38,A,15,Sat,Sep,2013,2013-14,21.0,27.0,13,6,8,13,2,23,3,0
422,2013-09-15,14:00,Saracens,44,Gloucester,12,Allianz Park,Wayne Barnes,56,H,14,Sun,Sep,2013,2013-14,29.0,16.8,11,2,8,1,3,24,3,1
423,2013-09-20,19:45,Worcester,13,Harlequins,37,Sixways,Wayne Barnes,50,A,19,Fri,Sep,2013,2013-14,21.8,27.2,13,3,8,13,0,24,3,0
424,2013-09-20,20:00,Sale,26,Wasps,22,Salford City Stadium,Tim Wigglesworth,48,H,20,Fri,Sep,2013,2013-14,20.4,17.4,10,12,8,11,0,23,3,1
426,2013-09-21,15:00,London Irish,23,Exeter,29,Madejski Stadium,Andrew Small,52,A,15,Sat,Sep,2013,2013-14,31.2,25.6,6,1,8,8,2,0,3,0
427,2013-09-21,15:15,Gloucester,26,Northampton,24,Kingsholm,Martin Fox,50,H,15,Sat,Sep,2013,2013-14,21.0,19.4,2,9,8,6,2,16,3,1
425,2013-09-21,15:00,Leicester,31,Newcastle,6,Welford Road,David Rose,37,H,15,Sat,Sep,2013,2013-14,33.8,16.8,5,8,8,19,2,6,3,1
428,2013-09-22,14:00,Saracens,31,Bath,17,Allianz Park,JP Doyle,48,H,14,Sun,Sep,2013,2013-14,30.8,16.4,11,0,8,1,3,12,3,1
429,2013-09-27,19:45,Northampton,33,Sale,14,Franklin's Gardens,David Rose,47,H,19,Fri,Sep,2013,2013-14,31.6,18.2,9,10,8,3,0,6,3,1
431,2013-09-28,15:00,Wasps,32,Worcester,16,Adams Park,Gregory Garner,48,H,15,Sat,Sep,2013,2013-14,21.8,26.0,12,13,8,0,2,11,3,1
430,2013-09-28,15:00,Bath,33,London Irish,18,The Recreation Ground,Luke Pearce,51,H,15,Sat,Sep,2013,2013-14,33.0,22.4,0,6,8,15,2,15,3,1
432,2013-09-28,15:15,Harlequins,12,Saracens,22,Twickenham Stoop,Martin Fox,34,A,15,Sat,Sep,2013,2013-14,18.4,17.8,3,11,8,17,2,16,3,0
433,2013-09-29,14:00,Exeter,9,Leicester,21,Sandy Park,Tim Wigglesworth,30,A,14,Sun,Sep,2013,2013-14,30.6,19.8,1,5,8,12,3,23,3,0
434,2013-09-29,15:00,Newcastle,16,Gloucester,22,Kingston Park,Andrew Small,38,A,15,Sun,Sep,2013,2013-14,10.6,13.6,8,2,8,7,3,0,3,0
435,2013-10-04,19:45,Sale,19,Bath,13,Salford City Stadium,Andrew Small,32,H,19,Fri,Oct,2013,2013-14,21.4,15.8,10,0,7,11,0,0,3,1
437,2013-10-05,15:00,Saracens,19,Wasps,12,Allianz Park,Luke Pearce,31,H,15,Sat,Oct,2013,2013-14,31.6,17.4,11,12,7,1,2,15,3,1
436,2013-10-05,15:00,London Irish,18,Harlequins,13,Madejski Stadium,David Rose,31,H,15,Sat,Oct,2013,2013-14,29.8,27.6,6,3,7,8,2,6,3,1
438,2013-10-05,15:00,Worcester,11,Newcastle,16,Sixways,Martin Fox,27,A,15,Sat,Oct,2013,2013-14,20.8,29.2,13,8,7,13,2,16,3,0
439,2013-10-05,15:15,Leicester,19,Northampton,19,Welford Road,JP Doyle,38,D,15,Sat,Oct,2013,2013-14,33.0,14.8,5,9,7,19,2,12,3,0
440,2013-10-06,14:00,Gloucester,12,Exeter,29,Kingsholm,Matthew Carley,41,A,14,Sun,Oct,2013,2013-14,20.4,19.6,2,1,7,6,3,18,3,0
441,2013-10-25,19:45,Bath,15,Gloucester,13,The Recreation Ground,Wayne Barnes,28,H,19,Fri,Oct,2013,2013-14,31.6,22.8,0,2,7,15,0,24,3,1
444,2013-10-26,15:15,Northampton,41,Saracens,20,Franklin's Gardens,Tim Wigglesworth,61,H,15,Sat,Oct,2013,2013-14,33.2,16.4,9,11,7,3,2,23,3,1
442,2013-10-26,15:00,Exeter,40,Worcester,6,Sandy Park,JP Doyle,46,H,15,Sat,Oct,2013,2013-14,23.0,20.8,1,13,7,12,2,12,3,1
443,2013-10-26,15:00,Harlequins,24,Sale,3,Twickenham Stoop,Luke Pearce,27,H,15,Sat,Oct,2013,2013-14,15.8,18.0,3,10,7,17,2,15,3,1
445,2013-10-27,14:00,Wasps,22,Leicester,12,Adams Park,Andrew Small,34,H,14,Sun,Oct,2013,2013-14,21.6,23.4,12,5,7,0,3,0,3,1
446,2013-10-27,15:00,Newcastle,13,London Irish,11,Kingston Park,Gregory Garner,24,H,15,Sun,Oct,2013,2013-14,10.0,16.0,8,6,7,7,3,11,3,1
448,2013-11-01,20:00,Sale,16,Exeter,18,Salford City Stadium,Wayne Barnes,34,A,20,Fri,Nov,2013,2013-14,22.4,15.8,10,1,6,11,0,24,3,0
447,2013-11-01,19:45,Worcester,6,Bath,21,Sixways,Gregory Garner,27,A,19,Fri,Nov,2013,2013-14,17.2,27.8,13,0,6,13,0,11,3,0
450,2013-11-02,17:30,Leicester,16,Harlequins,23,Welford Road,Tim Wigglesworth,39,A,17,Sat,Nov,2013,2013-14,30.4,14.6,5,3,6,19,2,23,3,0
449,2013-11-02,17:00,Gloucester,30,Wasps,32,Kingsholm,JP Doyle,62,A,17,Sat,Nov,2013,2013-14,19.8,22.6,2,12,6,6,2,12,3,0
452,2013-11-03,15:00,Saracens,40,Newcastle,3,Allianz Park,Matthew Carley,43,H,15,Sun,Nov,2013,2013-14,26.0,16.4,11,8,6,1,3,18,3,1
451,2013-11-03,14:00,London Irish,14,Northampton,19,Madejski Stadium,Andrew Small,33,A,14,Sun,Nov,2013,2013-14,28.2,29.0,6,9,6,8,3,0,3,0
453,2013-11-22,20:00,Sale,26,Worcester,10,Salford City Stadium,Andrew Small,36,H,20,Fri,Nov,2013,2013-14,19.2,17.6,10,13,6,11,0,0,3,1
455,2013-11-23,15:00,Harlequins,27,Gloucester,19,Twickenham Stoop,Matthew Carley,46,H,15,Sat,Nov,2013,2013-14,17.4,13.2,3,2,6,17,2,18,3,1
456,2013-11-23,15:00,Leicester,20,London Irish,11,Welford Road,Martin Fox,31,H,15,Sat,Nov,2013,2013-14,27.0,16.0,5,6,6,19,2,16,3,1
454,2013-11-23,15:00,Exeter,9,Saracens,16,Sandy Park,Tim Wigglesworth,25,A,15,Sat,Nov,2013,2013-14,29.2,19.6,1,11,6,12,2,23,3,0
457,2013-11-23,15:15,Northampton,18,Newcastle,0,Franklin's Gardens,Dean Richards,18,H,15,Sat,Nov,2013,2013-14,33.4,17.6,9,8,6,3,2,7,3,1
458,2013-11-24,14:00,Wasps,5,Bath,28,Adams Park,Luke Pearce,33,A,14,Sun,Nov,2013,2013-14,21.2,20.6,12,0,6,0,3,15,3,0
459,2013-11-29,19:45,Gloucester,17,Leicester,22,Kingsholm,Greg Garner,39,A,19,Fri,Nov,2013,2013-14,22.4,26.0,2,5,6,6,0,9,3,0
461,2013-11-30,15:00,Saracens,24,Sale,19,Allianz Park,JP Doyle,43,H,15,Sat,Nov,2013,2013-14,29.4,14.2,11,10,6,1,2,12,3,1
460,2013-11-30,15:00,London Irish,12,Wasps,19,Madejski Stadium,Dean Richards,31,A,15,Sat,Nov,2013,2013-14,24.4,26.2,6,12,6,8,2,7,3,0
462,2013-11-30,15:00,Worcester,10,Northampton,33,Sixways,Tim Wigglesworth,43,A,15,Sat,Nov,2013,2013-14,14.8,27.2,13,9,6,13,2,23,3,0
463,2013-11-30,15:15,Bath,21,Exeter,16,The Recreation Ground,Matthew Carley,37,H,15,Sat,Nov,2013,2013-14,28.4,20.4,0,1,6,15,2,18,3,1
464,2013-12-01,15:00,Newcastle,9,Harlequins,35,Kingston Park,Andrew Small,44,A,15,Sun,Dec,2013,2013-14,10.8,16.4,8,3,1,7,3,0,3,0
465,2013-12-20,20:00,Sale,15,London Irish,3,Salford City Stadium,Tim Wigglesworth,18,H,20,Fri,Dec,2013,2013-14,20.2,15.6,10,6,1,11,0,23,3,1
469,2013-12-21,15:00,Saracens,49,Leicester,10,Allianz Park,Wayne Barnes,59,H,15,Sat,Dec,2013,2013-14,31.6,12.6,11,5,1,1,2,24,3,1
466,2013-12-21,15:00,Bath,14,Harlequins,3,The Recreation Ground,Martin Fox,17,H,15,Sat,Dec,2013,2013-14,24.6,18.6,0,3,1,15,2,16,3,1
467,2013-12-21,15:00,Exeter,16,Newcastle,3,Sandy Park,Greg Garner,19,H,15,Sat,Dec,2013,2013-14,25.6,21.6,1,8,1,12,2,9,3,1
468,2013-12-21,15:00,Wasps,15,Northampton,17,Adams Park,Matthew Carley,32,A,15,Sat,Dec,2013,2013-14,19.6,21.8,12,9,1,0,2,18,3,0
470,2013-12-22,15:00,Gloucester,12,Worcester,6,Kingsholm,JP Doyle,18,H,15,Sun,Dec,2013,2013-14,20.2,25.8,2,13,1,6,3,12,3,1
471,2013-12-27,19:45,Newcastle,12,Wasps,17,Kingston Park,Wayne Barnes,29,A,19,Fri,Dec,2013,2013-14,8.2,19.6,8,12,1,7,0,24,3,0
475,2013-12-28,15:00,Harlequins,22,Exeter,6,Twickenham Stadium,JP Doyle,28,H,15,Sat,Dec,2013,2013-14,18.2,15.2,3,1,1,16,2,12,3,1
474,2013-12-28,15:00,Worcester,8,Saracens,26,Sixways,Gregory Garner,34,A,15,Sat,Dec,2013,2013-14,11.6,25.4,13,11,1,13,2,11,3,0
473,2013-12-28,15:00,Northampton,43,Bath,25,Franklin's Gardens,Luke Pearce,68,H,15,Sat,Dec,2013,2013-14,35.4,10.4,9,0,1,3,2,15,3,1
472,2013-12-28,15:00,Leicester,30,Sale,23,Welford Road,Matthew Carley,53,H,15,Sat,Dec,2013,2013-14,23.6,14.8,5,10,1,19,2,18,3,1
476,2013-12-29,15:00,London Irish,19,Gloucester,22,Madejski Stadium,Andrew Small,41,A,15,Sun,Dec,2013,2013-14,17.4,24.4,6,2,1,8,3,0,3,0
478,2014-01-03,19:45,Northampton,23,Harlequins,9,Franklin's Gardens,Greg Garner,32,H,19,Fri,Jan,2014,2013-14,34.6,14.0,9,3,3,3,0,9,3,1
477,2014-01-03,19:45,Newcastle,8,Sale,16,Kingston Park,Andrew Small,24,A,19,Fri,Jan,2014,2013-14,10.0,21.2,8,10,3,7,0,0,3,0
479,2014-01-04,15:00,London Irish,22,Worcester,9,Madejski Stadium,Wayne Barnes,31,H,15,Sat,Jan,2014,2013-14,17.2,20.4,6,13,3,8,2,24,3,1
480,2014-01-04,15:15,Gloucester,8,Saracens,29,Kingsholm,Luke Pearce,37,A,15,Sat,Jan,2014,2013-14,19.4,22.6,2,11,3,6,2,15,3,0
482,2014-01-05,15:00,Wasps,19,Exeter,16,Adams Park,Andrew Small,35,H,15,Sun,Jan,2014,2013-14,17.8,17.8,12,1,3,0,3,0,3,1
481,2014-01-05,14:00,Leicester,27,Bath,27,Welford Road,JP Doyle,54,D,14,Sun,Jan,2014,2013-14,23.2,16.4,5,0,3,19,3,12,3,0
484,2014-02-07,20:00,Sale,24,Gloucester,19,Salford City Stadium,Matthew Carley,43,H,20,Fri,Feb,2014,2013-14,20.4,13.2,10,2,2,11,0,18,3,1
483,2014-02-07,19:45,Worcester,22,Leicester,23,Sixways,Andrew Small,45,A,19,Fri,Feb,2014,2013-14,9.6,26.6,13,5,2,13,0,0,3,0
485,2014-02-08,15:00,Bath,24,Newcastle,6,The Recreation Ground,Tim Wigglesworth,30,H,15,Sat,Feb,2014,2013-14,22.0,14.0,0,8,2,15,2,23,3,1
486,2014-02-08,15:00,Saracens,13,London Irish,22,Allianz Park,Dean Richards,35,A,15,Sat,Feb,2014,2013-14,32.6,12.2,11,6,2,1,2,7,3,0
487,2014-02-08,19:00,Exeter,16,Northampton,17,Sandy Park,Greg Garner,33,A,19,Sat,Feb,2014,2013-14,20.8,14.4,1,9,2,12,2,9,3,0
488,2014-02-09,13:00,Harlequins,11,Wasps,10,Twickenham Stoop,Luke Pearce,21,H,13,Sun,Feb,2014,2013-14,18.2,12.6,3,12,2,17,3,15,3,1
489,2014-02-14,20:00,Sale,10,Saracens,15,Salford City Stadium,Greg Garner,25,A,20,Fri,Feb,2014,2013-14,20.0,12.6,10,11,2,11,0,9,3,0
491,2014-02-15,15:00,Wasps,20,London Irish,23,Adams Park,Tim Wigglesworth,43,A,15,Sat,Feb,2014,2013-14,18.6,17.8,12,6,2,0,2,23,3,0
493,2014-02-15,15:15,Exeter,23,Bath,27,Sandy Park,Andrew Small,50,A,15,Sat,Feb,2014,2013-14,18.0,12.6,1,0,2,12,2,0,3,0
492,2014-02-15,15:00,Northampton,30,Worcester,14,Franklin's Gardens,Wayne Barnes,44,H,15,Sat,Feb,2014,2013-14,31.6,13.6,9,13,2,3,2,24,3,1
490,2014-02-15,15:00,Harlequins,18,Newcastle,14,Twickenham Stoop,JP Doyle,32,H,15,Sat,Feb,2014,2013-14,19.2,12.0,3,8,2,17,2,12,3,1
494,2014-02-16,14:00,Leicester,11,Gloucester,8,Welford Road,Dean Richards,19,H,14,Sun,Feb,2014,2013-14,22.4,20.6,5,2,2,19,3,7,3,1
497,2014-02-22,14:00,Worcester,12,Sale,24,Sixways,Tim Wigglesworth,36,A,14,Sat,Feb,2014,2013-14,11.4,23.8,13,10,2,13,2,23,3,0
495,2014-02-22,14:00,Bath,32,Wasps,25,The Recreation Ground,Matthew Carley,57,H,14,Sat,Feb,2014,2013-14,21.4,11.2,0,12,2,15,2,18,3,1
496,2014-02-22,14:00,Gloucester,25,Harlequins,20,Kingsholm,Gregory Garner,45,H,14,Sat,Feb,2014,2013-14,15.8,23.6,2,3,2,6,2,11,3,1
499,2014-02-23,15:00,Newcastle,16,Northampton,22,Kingston Park,Andrew Small,38,A,15,Sun,Feb,2014,2013-14,11.6,20.2,8,9,2,7,3,0,3,0
498,2014-02-23,13:00,London Irish,15,Leicester,20,Madejski Stadium,JP Doyle,35,A,13,Sun,Feb,2014,2013-14,17.0,16.4,6,5,2,8,3,12,3,0
500,2014-02-23,15:15,Saracens,23,Exeter,10,Allianz Park,Wayne Barnes,33,H,15,Sun,Feb,2014,2013-14,29.0,13.2,11,1,2,1,3,24,3,1
501,2014-02-28,20:00,Bath,10,Saracens,23,The Recreation Ground,Luke Pearce,33,A,20,Fri,Feb,2014,2013-14,21.2,12.6,0,11,2,15,0,15,3,0
503,2014-03-01,15:00,Harlequins,21,Worcester,20,Twickenham Stoop,Wayne Barnes,41,H,15,Sat,Mar,2014,2013-14,20.4,10.4,3,13,4,17,2,24,3,1
502,2014-03-01,15:00,Exeter,18,London Irish,0,Sandy Park,Matthew Carley,18,H,15,Sat,Mar,2014,2013-14,20.8,13.8,1,6,4,12,2,18,3,1
504,2014-03-01,15:00,Wasps,17,Sale,21,Adams Park,Dean Richards,38,A,15,Sat,Mar,2014,2013-14,16.2,19.2,12,10,4,0,2,7,3,0
505,2014-03-01,15:00,Northampton,39,Gloucester,13,Franklin's Gardens,Tim Wigglesworth,52,H,15,Sat,Mar,2014,2013-14,31.0,13.6,9,2,4,3,2,23,3,1
506,2014-03-02,15:00,Newcastle,18,Leicester,41,Kingston Park,Greg Garner,59,A,15,Sun,Mar,2014,2013-14,11.6,20.2,8,5,4,7,3,9,3,0
507,2014-03-21,19:45,Worcester,11,Wasps,13,Sixways,Andrew Small,24,A,19,Fri,Mar,2014,2013-14,11.6,25.4,13,12,4,13,0,0,3,0
508,2014-03-22,14:00,Sale,19,Northampton,6,Salford City Stadium,Luke Pearce,25,H,14,Sat,Mar,2014,2013-14,18.2,13.0,10,9,4,11,2,15,3,1
510,2014-03-22,15:15,Saracens,39,Harlequins,17,Wembley Stadium,JP Doyle,56,H,15,Sat,Mar,2014,2013-14,29.8,12.8,11,3,4,20,2,12,3,1
511,2014-03-22,17:30,London Irish,23,Bath,44,Madejski Stadium,Greg Garner,67,A,17,Sat,Mar,2014,2013-14,16.4,17.8,6,0,4,8,2,9,3,0
509,2014-03-22,15:00,Gloucester,40,Newcastle,33,Kingsholm,Wayne Barnes,73,H,15,Sat,Mar,2014,2013-14,18.4,21.8,2,8,4,6,2,24,3,1
512,2014-03-23,14:00,Leicester,45,Exeter,15,Welford Road,Dean Richards,60,H,14,Sun,Mar,2014,2013-14,20.8,18.4,5,1,4,19,3,7,3,1
513,2014-03-28,19:45,Bath,11,Sale,12,The Recreation Ground,Dean Richards,23,A,19,Fri,Mar,2014,2013-14,20.2,14.6,0,10,4,15,0,7,3,0
517,2014-03-29,15:00,Northampton,16,Leicester,22,Franklin's Gardens,Wayne Barnes,38,A,15,Sat,Mar,2014,2013-14,30.6,12.2,9,5,4,3,2,24,3,0
515,2014-03-29,15:00,Harlequins,23,London Irish,9,Twickenham Stoop,Andrew Small,32,H,15,Sat,Mar,2014,2013-14,19.8,13.8,3,6,4,17,2,0,3,1
516,2014-03-29,15:00,Wasps,20,Saracens,32,Adams Park,Luke Pearce,52,A,15,Sat,Mar,2014,2013-14,15.2,21.0,12,11,4,0,2,15,3,0
514,2014-03-29,15:00,Exeter,13,Gloucester,14,Sandy Park,Matthew Carley,27,A,15,Sat,Mar,2014,2013-14,16.4,12.6,1,2,4,12,2,18,3,0
518,2014-03-30,15:00,Newcastle,12,Worcester,17,Kingston Park,Tim Wigglesworth,29,A,15,Sun,Mar,2014,2013-14,12.6,26.2,8,13,4,7,3,23,3,0
519,2014-04-11,20:00,Sale,12,Harlequins,27,Salford City Stadium,Wayne Barnes,39,A,20,Fri,Apr,2014,2013-14,18.8,10.6,10,3,0,11,0,24,3,0
520,2014-04-12,15:00,Gloucester,17,Bath,18,Kingsholm,Tim Wigglesworth,35,A,15,Sat,Apr,2014,2013-14,20.4,22.0,2,0,0,6,2,23,3,0
522,2014-04-12,15:00,Worcester,33,Exeter,38,Sixways,JP Doyle,71,A,15,Sat,Apr,2014,2013-14,12.6,23.8,13,1,0,13,2,12,3,0
521,2014-04-12,15:00,Leicester,27,Wasps,15,Welford Road,Andrew Small,42,H,15,Sat,Apr,2014,2013-14,26.6,16.8,5,12,0,19,2,0,3,1
524,2014-04-13,15:00,London Irish,40,Newcastle,12,Madejski Stadium,Luke Pearce,52,H,15,Sun,Apr,2014,2013-14,18.2,22.8,6,8,0,8,3,15,3,1
523,2014-04-13,14:00,Saracens,28,Northampton,24,Allianz Park,Matthew Carley,52,H,14,Sun,Apr,2014,2013-14,29.6,15.6,11,9,0,1,3,18,3,1
525,2014-04-18,19:45,Harlequins,24,Leicester,20,Twickenham Stoop,Tim Wigglesworth,44,H,19,Fri,Apr,2014,2013-14,19.0,11.8,3,5,0,17,0,23,3,1
526,2014-04-19,15:00,Bath,32,Worcester,20,The Recreation Ground,Matthew Carley,52,H,15,Sat,Apr,2014,2013-14,18.2,13.8,0,13,0,15,2,18,3,1
528,2014-04-19,15:15,Wasps,38,Gloucester,30,Twickenham Stadium,Wayne Barnes,68,H,15,Sat,Apr,2014,2013-14,18.2,21.8,12,2,0,16,2,24,3,1
527,2014-04-19,15:00,Exeter,12,Sale,55,Sandy Park,Dean Richards,67,A,15,Sat,Apr,2014,2013-14,17.2,12.2,1,10,0,12,2,7,3,0
529,2014-04-20,14:00,Northampton,36,London Irish,21,Franklin's Gardens,JP Doyle,57,H,14,Sun,Apr,2014,2013-14,30.2,16.6,9,6,0,3,3,12,3,1
530,2014-04-20,15:00,Newcastle,18,Saracens,23,Kingston Park,Andrew Small,41,A,15,Sun,Apr,2014,2013-14,13.2,22.6,8,11,0,7,3,0,3,0
531,2014-05-02,19:45,Bath,19,Northampton,19,The Recreation Ground,Matthew Carley,38,D,19,Fri,May,2014,2013-14,21.8,17.2,0,9,5,15,0,18,3,0
534,2014-05-03,15:00,Saracens,44,Worcester,20,Allianz Park,Tim Wigglesworth,64,H,15,Sat,May,2014,2013-14,30.4,16.6,11,13,5,1,2,23,3,1
533,2014-05-03,15:00,Wasps,44,Newcastle,38,Adams Park,Dean Richards,82,H,15,Sat,May,2014,2013-14,22.8,24.4,12,8,5,0,2,7,3,1
535,2014-05-03,15:15,Sale,22,Leicester,42,Salford City Stadium,JP Doyle,64,A,15,Sat,May,2014,2013-14,16.0,14.0,10,5,5,11,2,12,3,0
532,2014-05-03,15:00,Gloucester,38,London Irish,30,Kingsholm,Steve Lee,68,H,15,Sat,May,2014,2013-14,20.4,21.2,2,6,5,6,2,22,3,1
536,2014-05-04,14:00,Exeter,29,Harlequins,30,Sandy Park,Andrew Small,59,A,14,Sun,May,2014,2013-14,16.4,22.6,1,3,5,12,3,0,3,0
540,2014-05-10,15:15,Newcastle,13,Exeter,23,Kingston Park,Craig Maxwell-Keys,36,A,15,Sat,May,2014,2013-14,14.4,23.8,8,1,5,7,2,3,3,0
541,2014-05-10,15:15,Northampton,74,Wasps,13,Franklin's Gardens,Luke Pearce,87,H,15,Sat,May,2014,2013-14,28.8,15.8,9,12,5,3,2,15,3,1
538,2014-05-10,15:15,Leicester,31,Saracens,27,Welford Road,Greg Garner,58,H,15,Sat,May,2014,2013-14,28.0,17.6,5,11,5,19,2,9,3,1
537,2014-05-10,15:15,Harlequins,19,Bath,16,Twickenham Stoop,Wayne Barnes,35,H,15,Sat,May,2014,2013-14,19.4,14.6,3,0,5,17,2,24,3,1
539,2014-05-10,15:15,London Irish,22,Sale,20,Madejski Stadium,Greg Macdonald,42,H,15,Sat,May,2014,2013-14,23.8,21.4,6,10,5,8,2,10,3,1
542,2014-05-10,15:15,Worcester,28,Gloucester,27,Sixways,JP Doyle,55,H,15,Sat,May,2014,2013-14,17.2,24.8,13,2,5,13,2,12,3,1
543,2014-05-16,19:45,Northampton,21,Leicester,20,Franklin's Gardens,JP Doyle,41,H,19,Fri,May,2014,2013-14,39.0,16.6,9,5,5,3,0,12,3,1
544,2014-05-17,14:00,Saracens,31,Harlequins,17,Allianz Park,Wayne Barnes,48,H,14,Sat,May,2014,2013-14,29.4,18.6,11,3,5,1,2,24,3,1
